,DATE,STREET1,STREET2,DISTRICT,LATITUDE,LONGITUDE,TRAFFCTL,VISIBILITY,LIGHT,RDSFCOND,ACCLASS,IMPACTYPE,INVTYPE,INVAGE,INJURY,NEIGHBOURHOOD_158
16466,2020-05-29 08:00:00,LAWRENCE AVE E,MARKHAM RD,Scarborough,43.759413,-79.226726,No Control,Clear,"Dark, artificial",Dry,Non-Fatal Injury,Turning Movement,Motorcycle Driver,30 to 34,Major,Golfdale-Cedarbrae-Woburn
16467,2020-05-29 08:00:00,LAWRENCE AVE E,MARKHAM RD,Scarborough,43.759413,-79.226726,No Control,Clear,"Dark, artificial",Dry,Non-Fatal Injury,Turning Movement,Driver,20 to 24,,Golfdale-Cedarbrae-Woburn
16468,2020-05-29 08:00:00,LAWRENCE AVE E,MARKHAM RD,Scarborough,43.759413,-79.226726,No Control,Clear,"Dark, artificial",Dry,Non-Fatal Injury,Turning Movement,Passenger,20 to 24,,Golfdale-Cedarbrae-Woburn
16469,2020-05-29 08:00:00,ERINGATE DR,RANGOON RD,Etobicoke York,43.662154,-79.57648,No Control,Clear,Daylight,Dry,Non-Fatal Injury,SMV Other,Driver,55 to 59,Major,Eringate-Centennial-West Deane
16470,2020-06-01 08:00:00,BATHURST ST,GLENGROVE AVE,North York,43.714133,-79.428554,Stop Sign,Clear,Daylight,Dry,Fatal,Turning Movement,Motorcycle Driver,25 to 29,Fatal,Bedford Park-Nortown
16471,2020-06-01 08:00:00,BATHURST ST,GLENGROVE AVE,North York,43.714133,-79.428554,Stop Sign,Clear,Daylight,Dry,Fatal,Turning Movement,Driver,15 to 19,,Bedford Park-Nortown
16472,2020-06-01 08:00:00,2525 WARDEN AVE,,Scarborough,43.791255,-79.313541,No Control,Clear,Daylight,Dry,Non-Fatal Injury,SMV Other,Driver,15 to 19,,L'Amoreaux West
16473,2020-06-01 08:00:00,2525 WARDEN AVE,,Scarborough,43.791255,-79.313541,No Control,Clear,Daylight,Dry,Non-Fatal Injury,SMV Other,Passenger,15 to 19,Major,L'Amoreaux West
16474,2020-06-01 08:00:00,2525 WARDEN AVE,,Scarborough,43.791255,-79.313541,No Control,Clear,Daylight,Dry,Non-Fatal Injury,SMV Other,Passenger,20 to 24,,L'Amoreaux West
16475,2020-06-02 08:00:00,LAKE SHORE BLVD W,LOWER SIMCOE ST,Toronto and East York,43.640269,-79.383151,Traffic Signal,Clear,Daylight,Dry,Non-Fatal Injury,Angle,Motorcycle Driver,30 to 34,Major,Harbourfront-CityPlace
16476,2020-06-02 08:00:00,LAKE SHORE BLVD W,LOWER SIMCOE ST,Toronto and East York,43.640269,-79.383151,Traffic Signal,Clear,Daylight,Dry,Non-Fatal Injury,Angle,Driver,25 to 29,,Harbourfront-CityPlace
16477,2020-06-02 08:00:00,777 BLOOR ST W,,Etobicoke York,43.663226,-79.419696,No Control,Clear,Daylight,Dry,Non-Fatal Injury,Cyclist Collisions,Driver,65 to 69,,Palmerston-Little Italy
16478,2020-06-02 08:00:00,777 BLOOR ST W,,Etobicoke York,43.663226,-79.419696,No Control,Clear,Daylight,Dry,Non-Fatal Injury,Cyclist Collisions,Cyclist,45 to 49,Major,Palmerston-Little Italy
16479,2020-06-07 08:00:00,KEELE ST,CALVINGTON DR,North York,43.733508,-79.483684,Traffic Signal,Clear,"Dark, artificial",Dry,Fatal,Pedestrian Collisions,Pedestrian,15 to 19,Fatal,Downsview
16480,2020-06-07 08:00:00,KEELE ST,CALVINGTON DR,North York,43.733508,-79.483684,Traffic Signal,Clear,"Dark, artificial",Dry,Fatal,Pedestrian Collisions,Driver,45 to 49,,Downsview
16481,2020-06-07 08:00:00,KEELE ST,CALVINGTON DR,North York,43.733508,-79.483684,Traffic Signal,Clear,"Dark, artificial",Dry,Fatal,Pedestrian Collisions,Pedestrian,15 to 19,Minor,Downsview
16482,2020-06-08 08:00:00,LAWRENCE AVE W,RENFIELD ST,Etobicoke York,43.703829,-79.498767,Stop Sign,Clear,Daylight,Dry,Non-Fatal Injury,Turning Movement,Driver,45 to 49,Minimal,Brookhaven-Amesbury
16483,2020-06-08 08:00:00,LAWRENCE AVE W,RENFIELD ST,Etobicoke York,43.703829,-79.498767,Stop Sign,Clear,Daylight,Dry,Non-Fatal Injury,Turning Movement,Motorcycle Driver,25 to 29,Major,Brookhaven-Amesbury
16484,2020-06-08 08:00:00,555 WILSON HEIGHTS BLVD,,North York,43.751074,-79.456256,No Control,Clear,Daylight,Dry,Non-Fatal Injury,Cyclist Collisions,Driver,unknown,,Clanton Park
16485,2020-06-08 08:00:00,555 WILSON HEIGHTS BLVD,,North York,43.751074,-79.456256,No Control,Clear,Daylight,Dry,Non-Fatal Injury,Cyclist Collisions,Cyclist,10 to 14,Major,Clanton Park
16486,2020-06-09 08:00:00,DUFFERIN ST,BLOOR ST W,Toronto and East York,43.659812,-79.435321,No Control,Clear,"Dark, artificial",Dry,Non-Fatal Injury,Cyclist Collisions,Driver,20 to 24,,Dufferin Grove
16487,2020-06-09 08:00:00,DUFFERIN ST,BLOOR ST W,Toronto and East York,43.659812,-79.435321,No Control,Clear,"Dark, artificial",Dry,Non-Fatal Injury,Cyclist Collisions,Cyclist,50 to 54,Major,Dufferin Grove
16488,2020-06-09 08:00:00,DUFFERIN ST,BLOOR ST W,Toronto and East York,43.659812,-79.435321,No Control,Clear,"Dark, artificial",Dry,Non-Fatal Injury,Cyclist Collisions,Passenger,20 to 24,,Dufferin Grove
16489,2020-06-09 08:00:00,DANFORTH AV,BARRINGTON AV,North York,43.688254,-79.301006,No Control,Clear,Dark,Dry,Non-Fatal Injury,Rear End,Motorcycle Driver,35 to 39,Major,East End-Danforth
16490,2020-06-09 08:00:00,DANFORTH AV,BARRINGTON AV,North York,43.688254,-79.301006,No Control,Clear,Dark,Dry,Non-Fatal Injury,Rear End,Driver,25 to 29,Minimal,East End-Danforth
16491,2020-06-09 08:00:00,DANFORTH AV,BARRINGTON AV,North York,43.688254,-79.301006,No Control,Clear,Dark,Dry,Non-Fatal Injury,Rear End,Driver,unknown,,East End-Danforth
16492,2020-06-09 08:00:00,DANFORTH AV,BARRINGTON AV,North York,43.688254,-79.301006,No Control,Clear,Dark,Dry,Non-Fatal Injury,Rear End,Other,30 to 34,Minimal,East End-Danforth
16493,2020-06-09 08:00:00,BRIMLEY RD,COMRIE TER,Scarborough,43.726,-79.243617,No Control,Clear,"Dark, artificial",Dry,Fatal,Turning Movement,Motorcycle Driver,20 to 24,Minor,Cliffcrest
16494,2020-06-09 08:00:00,BRIMLEY RD,COMRIE TER,Scarborough,43.726,-79.243617,No Control,Clear,"Dark, artificial",Dry,Fatal,Turning Movement,Motorcycle Passenger,20 to 24,Fatal,Cliffcrest
16495,2020-06-09 08:00:00,BRIMLEY RD,COMRIE TER,Scarborough,43.726,-79.243617,No Control,Clear,"Dark, artificial",Dry,Fatal,Turning Movement,Driver,20 to 24,,Cliffcrest
16496,2020-06-10 08:00:00,LAWRENCE AVE W,VARNA DR,North York,43.717429,-79.43764,Traffic Signal,Rain,"Dark, artificial",Wet,Non-Fatal Injury,Cyclist Collisions,Cyclist,20 to 24,Major,Englemount-Lawrence
16497,2020-06-10 08:00:00,LAWRENCE AVE W,VARNA DR,North York,43.717429,-79.43764,Traffic Signal,Rain,"Dark, artificial",Wet,Non-Fatal Injury,Cyclist Collisions,Driver,60 to 64,,Englemount-Lawrence
16498,2020-06-10 08:00:00,LAWRENCE AVE W,VARNA DR,North York,43.717429,-79.43764,Traffic Signal,Rain,"Dark, artificial",Wet,Non-Fatal Injury,Cyclist Collisions,Passenger,55 to 59,,Englemount-Lawrence
16499,2020-06-11 08:00:00,F G GARDINER XY  E,GARDINER JAMESON AV RAMP,Toronto and East York,43.63383,-79.437084,No Control,Rain,"Dark, artificial",Wet,Non-Fatal Injury,SMV Other,Driver,20 to 24,Major,South Parkdale
16500,2020-06-11 08:00:00,F G GARDINER XY  E,GARDINER JAMESON AV RAMP,Toronto and East York,43.63383,-79.437084,No Control,Rain,"Dark, artificial",Wet,Non-Fatal Injury,SMV Other,Passenger,20 to 24,Major,South Parkdale
16501,2020-06-13 08:00:00,SHERBOURNE ST,QUEEN ST E,Toronto and East York,43.654452,-79.369418,Traffic Signal,Clear,Daylight,Dry,Non-Fatal Injury,Cyclist Collisions,Cyclist,55 to 59,Major,Moss Park
16502,2020-06-13 08:00:00,SHERBOURNE ST,QUEEN ST E,Toronto and East York,43.654452,-79.369418,Traffic Signal,Clear,Daylight,Dry,Non-Fatal Injury,Cyclist Collisions,Driver,50 to 54,,Moss Park
16503,2020-06-16 08:00:00,DUNDAS ST W,ROYAL YORK RD,Etobicoke York,43.658034,-79.51675,No Control,Clear,Dark,Dry,Non-Fatal Injury,Rear End,Driver,25 to 29,Major,Kingsway South
16504,2020-06-16 08:00:00,DUNDAS ST W,ROYAL YORK RD,Etobicoke York,43.658034,-79.51675,No Control,Clear,Dark,Dry,Non-Fatal Injury,Rear End,Driver,50 to 54,,Kingsway South
16505,2020-06-18 08:00:00,WOODBINE AVE,CORLEY AVE,Toronto and East York,43.67639,-79.308925,Traffic Signal,Clear,Daylight,Dry,Non-Fatal Injury,Pedestrian Collisions,Driver,60 to 64,,East End-Danforth
16506,2020-06-18 08:00:00,WOODBINE AVE,CORLEY AVE,Toronto and East York,43.67639,-79.308925,Traffic Signal,Clear,Daylight,Dry,Non-Fatal Injury,Pedestrian Collisions,Pedestrian,60 to 64,Major,East End-Danforth
16507,2020-06-23 08:00:00,LAWRENCE AVE W,DUPLEX AVE,North York,43.724314,-79.405566,Traffic Signal,Clear,Daylight,Dry,Non-Fatal Injury,Cyclist Collisions,Cyclist,20 to 24,Major,Lawrence Park South
16508,2020-06-23 08:00:00,LAWRENCE AVE W,DUPLEX AVE,North York,43.724314,-79.405566,Traffic Signal,Clear,Daylight,Dry,Non-Fatal Injury,Cyclist Collisions,Driver,35 to 39,,Lawrence Park South
16509,2020-06-23 08:00:00,COLLEGE ST,DUFFERIN ST,North York,43.652495,-79.432521,Traffic Signal,Clear,Daylight,Dry,Non-Fatal Injury,Angle,Driver,30 to 34,Minor,Little Portugal
16510,2020-06-23 08:00:00,COLLEGE ST,DUFFERIN ST,North York,43.652495,-79.432521,Traffic Signal,Clear,Daylight,Dry,Non-Fatal Injury,Angle,Truck Driver,35 to 39,,Little Portugal
16511,2020-06-23 08:00:00,COLLEGE ST,DUFFERIN ST,North York,43.652495,-79.432521,Traffic Signal,Clear,Daylight,Dry,Non-Fatal Injury,Angle,Passenger,30 to 34,Major,Little Portugal
16512,2020-06-24 08:00:00,ST CLAIR AVE W,OLD WESTON RD,Etobicoke York,43.673464,-79.463008,Traffic Signal,Clear,Daylight,Dry,Non-Fatal Injury,Pedestrian Collisions,Driver,45 to 49,,Weston-Pelham Park
16513,2020-06-24 08:00:00,ST CLAIR AVE W,OLD WESTON RD,Etobicoke York,43.673464,-79.463008,Traffic Signal,Clear,Daylight,Dry,Non-Fatal Injury,Pedestrian Collisions,Pedestrian,55 to 59,Major,Weston-Pelham Park
16514,2020-06-24 08:00:00,KEELE ST,WEST TORONTO ST,Etobicoke York,43.669963,-79.466464,Traffic Signal,Clear,Daylight,Dry,Non-Fatal Injury,Pedestrian Collisions,Driver,40 to 44,,Junction Area
16515,2020-06-24 08:00:00,KEELE ST,WEST TORONTO ST,Etobicoke York,43.669963,-79.466464,Traffic Signal,Clear,Daylight,Dry,Non-Fatal Injury,Pedestrian Collisions,Pedestrian,65 to 69,Major,Junction Area
16516,2020-06-26 08:00:00,DANFORTH AVE,GREENWOOD AVE,North York,43.681163,-79.333301,No Control,Clear,Dark,Dry,Non-Fatal Injury,Pedestrian Collisions,Driver,45 to 49,,Blake-Jones
16517,2020-06-26 08:00:00,DANFORTH AVE,GREENWOOD AVE,North York,43.681163,-79.333301,No Control,Clear,Dark,Dry,Non-Fatal Injury,Pedestrian Collisions,Pedestrian,70 to 74,Major,Blake-Jones
16518,2020-06-27 08:00:00,DANFORTH RD,TRUDELLE ST,Scarborough,43.739848,-79.245494,Traffic Signal,Clear,Daylight,Dry,Non-Fatal Injury,Turning Movement,Motorcycle Driver,35 to 39,Major,Eglinton East
16519,2020-06-27 08:00:00,DANFORTH RD,TRUDELLE ST,Scarborough,43.739848,-79.245494,Traffic Signal,Clear,Daylight,Dry,Non-Fatal Injury,Turning Movement,Driver,50 to 54,,Eglinton East
16520,2020-06-27 08:00:00,EGLINTON AVE W,SCARLETT RD,Etobicoke York,43.68389,-79.511417,Traffic Signal,Clear,Daylight,Dry,Non-Fatal Injury,Cyclist Collisions,Driver,35 to 39,,Edenbridge-Humber Valley
16521,2020-06-27 08:00:00,EGLINTON AVE W,SCARLETT RD,Etobicoke York,43.68389,-79.511417,Traffic Signal,Clear,Daylight,Dry,Non-Fatal Injury,Cyclist Collisions,Cyclist,10 to 14,Major,Edenbridge-Humber Valley
16522,2020-06-27 08:00:00,DREWRY AVE,GRANTBROOK ST,North York,43.783492,-79.433727,No Control,Rain,Dark,Wet,Non-Fatal Injury,Rear End,Driver,35 to 39,Major,Newtonbrook West
16523,2020-06-27 08:00:00,DREWRY AVE,GRANTBROOK ST,North York,43.783492,-79.433727,No Control,Rain,Dark,Wet,Non-Fatal Injury,Rear End,Driver,35 to 39,,Newtonbrook West
16524,2020-07-02 08:00:00,PHARMACY AVE,HUNTINGWOOD DR,Scarborough,43.781603,-79.320125,Traffic Signal,Clear,Daylight,Dry,Non-Fatal Injury,Angle,Driver,40 to 44,,Tam O'Shanter-Sullivan
16525,2020-07-02 08:00:00,PHARMACY AVE,HUNTINGWOOD DR,Scarborough,43.781603,-79.320125,Traffic Signal,Clear,Daylight,Dry,Non-Fatal Injury,Angle,Driver,55 to 59,Minimal,Tam O'Shanter-Sullivan
16526,2020-07-02 08:00:00,PHARMACY AVE,HUNTINGWOOD DR,Scarborough,43.781603,-79.320125,Traffic Signal,Clear,Daylight,Dry,Non-Fatal Injury,Angle,Passenger,35 to 39,,Tam O'Shanter-Sullivan
16527,2020-07-02 08:00:00,PHARMACY AVE,HUNTINGWOOD DR,Scarborough,43.781603,-79.320125,Traffic Signal,Clear,Daylight,Dry,Non-Fatal Injury,Angle,Passenger,35 to 39,Major,Tam O'Shanter-Sullivan
16528,2020-07-02 08:00:00,PHARMACY AVE,HUNTINGWOOD DR,Scarborough,43.781603,-79.320125,Traffic Signal,Clear,Daylight,Dry,Non-Fatal Injury,Angle,Passenger,80 to 84,Minor,Tam O'Shanter-Sullivan
16529,2020-07-02 08:00:00,PHARMACY AVE,HUNTINGWOOD DR,Scarborough,43.781603,-79.320125,Traffic Signal,Clear,Daylight,Dry,Non-Fatal Injury,Angle,Passenger,85 to 89,Minimal,Tam O'Shanter-Sullivan
16530,2020-07-02 08:00:00,PHARMACY AVE,HUNTINGWOOD DR,Scarborough,43.781603,-79.320125,Traffic Signal,Clear,Daylight,Dry,Non-Fatal Injury,Angle,Passenger,0 to 4,Minimal,Tam O'Shanter-Sullivan
16531,2020-07-03 08:00:00,BROADVIEW AVE,HILLSIDE DR,Toronto and East York,43.685908,-79.356258,Traffic Signal,Clear,Daylight,Dry,Non-Fatal Injury,Turning Movement,Driver,25 to 29,,Broadview North
16532,2020-07-03 08:00:00,BROADVIEW AVE,HILLSIDE DR,Toronto and East York,43.685908,-79.356258,Traffic Signal,Clear,Daylight,Dry,Non-Fatal Injury,Turning Movement,Motorcycle Driver,20 to 24,Major,Broadview North
16533,2020-07-03 08:00:00,BROADVIEW AVE,HILLSIDE DR,Toronto and East York,43.685908,-79.356258,Traffic Signal,Clear,Daylight,Dry,Non-Fatal Injury,Turning Movement,Passenger,25 to 29,,Broadview North
16534,2020-07-03 08:00:00,BROADVIEW AVE,HILLSIDE DR,Toronto and East York,43.685908,-79.356258,Traffic Signal,Clear,Daylight,Dry,Non-Fatal Injury,Turning Movement,Passenger,5 to 9,,Broadview North
16535,2020-07-03 08:00:00,ORMONT DR,WESTON RD,Etobicoke York,43.764804,-79.545314,Traffic Signal,Clear,Daylight,Dry,Non-Fatal Injury,Angle,Driver,35 to 39,Minimal,Humber Summit
16536,2020-07-03 08:00:00,ORMONT DR,WESTON RD,Etobicoke York,43.764804,-79.545314,Traffic Signal,Clear,Daylight,Dry,Non-Fatal Injury,Angle,Motorcycle Driver,25 to 29,Major,Humber Summit
16537,2020-07-07 08:00:00,SERGIO MARCHI  ST,TORBARRIE RD,Etobicoke York,43.73004,-79.524013,No Control,Clear,"Dusk, artificial",Dry,Non-Fatal Injury,Pedestrian Collisions,Driver,25 to 29,,Oakdale-Beverley Heights
16538,2020-07-07 08:00:00,SERGIO MARCHI  ST,TORBARRIE RD,Etobicoke York,43.73004,-79.524013,No Control,Clear,"Dusk, artificial",Dry,Non-Fatal Injury,Pedestrian Collisions,Pedestrian,30 to 34,Major,Oakdale-Beverley Heights
16539,2020-07-10 08:00:00,ENDSLEIGH CRES,MARGARET  AVE,North York,43.781626,-79.335544,No Control,Clear,Daylight,Dry,Non-Fatal Injury,Pedestrian Collisions,Driver,50 to 54,,Pleasant View
16540,2020-07-10 08:00:00,ENDSLEIGH CRES,MARGARET  AVE,North York,43.781626,-79.335544,No Control,Clear,Daylight,Dry,Non-Fatal Injury,Pedestrian Collisions,Pedestrian,75 to 79,Major,Pleasant View
16541,2020-07-10 08:00:00,SPANBRIDGE RD,LINKWOOD LANE,North York,43.71229,-79.324458,Stop Sign,Clear,Daylight,Dry,Non-Fatal Injury,Pedestrian Collisions,Driver,50 to 54,,Flemingdon Park
16542,2020-07-10 08:00:00,SPANBRIDGE RD,LINKWOOD LANE,North York,43.71229,-79.324458,Stop Sign,Clear,Daylight,Dry,Non-Fatal Injury,Pedestrian Collisions,Pedestrian,65 to 69,Major,Flemingdon Park
16543,2020-07-11 08:00:00,SPADINA AVE,FORT YORK BLVD,Toronto and East York,43.639853,-79.392726,No Control,Clear,Daylight,Wet,Non-Fatal Injury,Rear End,Driver,25 to 29,,Harbourfront-CityPlace
16544,2020-07-11 08:00:00,SPADINA AVE,FORT YORK BLVD,Toronto and East York,43.639853,-79.392726,No Control,Clear,Daylight,Wet,Non-Fatal Injury,Rear End,Driver,50 to 54,Major,Harbourfront-CityPlace
16545,2020-07-11 08:00:00,SPADINA AVE,FORT YORK BLVD,Toronto and East York,43.639853,-79.392726,No Control,Clear,Daylight,Wet,Non-Fatal Injury,Rear End,Driver,20 to 24,,Harbourfront-CityPlace
16546,2020-07-11 08:00:00,SPADINA AVE,FORT YORK BLVD,Toronto and East York,43.639853,-79.392726,No Control,Clear,Daylight,Wet,Non-Fatal Injury,Rear End,Passenger,40 to 44,,Harbourfront-CityPlace
16547,2020-07-11 08:00:00,SPADINA AVE,FORT YORK BLVD,Toronto and East York,43.639853,-79.392726,No Control,Clear,Daylight,Wet,Non-Fatal Injury,Rear End,Passenger,25 to 29,,Harbourfront-CityPlace
16548,2020-07-14 08:00:00,SOUTH KINGSWAY,QUEENSWAY S KINGSWAY RAMP,Toronto and East York,43.636096,-79.474475,No Control,Clear,Dark,Dry,Non-Fatal Injury,Angle,Motorcycle Driver,30 to 34,Major,High Park-Swansea
16549,2020-07-14 08:00:00,SOUTH KINGSWAY,QUEENSWAY S KINGSWAY RAMP,Toronto and East York,43.636096,-79.474475,No Control,Clear,Dark,Dry,Non-Fatal Injury,Angle,Driver,unknown,,High Park-Swansea
16550,2020-07-15 08:00:00,YONGE ST,EGLINTON AVE E,North York,43.70666,-79.398326,Traffic Signal,Clear,Daylight,Dry,Non-Fatal Injury,Cyclist Collisions,Cyclist,60 to 64,Major,South Eglinton-Davisville
16551,2020-07-15 08:00:00,YONGE ST,EGLINTON AVE E,North York,43.70666,-79.398326,Traffic Signal,Clear,Daylight,Dry,Non-Fatal Injury,Cyclist Collisions,Truck Driver,35 to 39,,South Eglinton-Davisville
16552,2020-07-18 08:00:00,RIVERWOOD PKWY,HUMBER VALLEY RD,Etobicoke York,43.640029,-79.490817,No Control,Clear,"Dark, artificial",Dry,Non-Fatal Injury,SMV Other,Motorcycle Driver,25 to 29,Major,Stonegate-Queensway
16553,2020-07-19 08:00:00,LAWRENCE AVE E,MCMILLAN AVE,Scarborough,43.772986,-79.165462,No Control,Clear,Daylight,Dry,Fatal,Approaching,Passenger,20 to 24,Minor,West Hill
16554,2020-07-19 08:00:00,LAWRENCE AVE E,MCMILLAN AVE,Scarborough,43.772986,-79.165462,No Control,Clear,Daylight,Dry,Fatal,Approaching,Driver,20 to 24,Minor,West Hill
16555,2020-07-19 08:00:00,LAWRENCE AVE E,MCMILLAN AVE,Scarborough,43.772986,-79.165462,No Control,Clear,Daylight,Dry,Fatal,Approaching,Driver,25 to 29,Minor,West Hill
16556,2020-07-19 08:00:00,LAWRENCE AVE E,MCMILLAN AVE,Scarborough,43.772986,-79.165462,No Control,Clear,Daylight,Dry,Fatal,Approaching,Passenger,20 to 24,Fatal,West Hill
16557,2020-07-20 08:00:00,911A ADELAIDE ST W,,Toronto and East York,43.642802,-79.414745,No Control,Clear,Dark,Dry,Non-Fatal Injury,Pedestrian Collisions,Driver,50 to 54,,West Queen West
16558,2020-07-20 08:00:00,911A ADELAIDE ST W,,Toronto and East York,43.642802,-79.414745,No Control,Clear,Dark,Dry,Non-Fatal Injury,Pedestrian Collisions,Pedestrian,25 to 29,Major,West Queen West
16559,2020-07-21 08:00:00,81 MCCORMACK ST,AVON AVE,Etobicoke York,43.676165,-79.475795,No Control,Clear,Daylight,Dry,Non-Fatal Injury,Pedestrian Collisions,Pedestrian,60 to 64,Major,Rockcliffe-Smythe
16560,2020-07-21 08:00:00,CENTRE RD,HIGH PARK BLVD,Etobicoke York,43.644133,-79.45827,Stop Sign,Clear,Daylight,Dry,Non-Fatal Injury,Cyclist Collisions,Cyclist,50 to 54,Major,High Park-Swansea
16561,2020-07-21 08:00:00,CENTRE RD,HIGH PARK BLVD,Etobicoke York,43.644133,-79.45827,Stop Sign,Clear,Daylight,Dry,Non-Fatal Injury,Cyclist Collisions,Driver,60 to 64,,High Park-Swansea
16562,2020-07-24 08:00:00,CALEDONIA PARK RD,DAVENPORT RD,Etobicoke York,43.671027,-79.451061,Traffic Signal,Clear,"Dark, artificial",Dry,Non-Fatal Injury,SMV Other,Driver,35 to 39,Major,Junction-Wallace Emerson
16563,2020-07-24 08:00:00,CALEDONIA PARK RD,DAVENPORT RD,Etobicoke York,43.671027,-79.451061,Traffic Signal,Clear,"Dark, artificial",Dry,Non-Fatal Injury,SMV Other,Passenger,25 to 29,Minor,Junction-Wallace Emerson
16564,2020-07-24 08:00:00,KINGSTON  RD,LAKEHURST DR,Scarborough,43.696303,-79.2579,No Control,Clear,Daylight,Dry,Non-Fatal Injury,Pedestrian Collisions,Motorcycle Driver,45 to 49,Major,Birchcliffe-Cliffside
16565,2020-07-24 08:00:00,KINGSTON  RD,LAKEHURST DR,Scarborough,43.696303,-79.2579,No Control,Clear,Daylight,Dry,Non-Fatal Injury,Pedestrian Collisions,Driver,30 to 34,,Birchcliffe-Cliffside
16566,2020-07-24 08:00:00,KINGSTON  RD,LAKEHURST DR,Scarborough,43.696303,-79.2579,No Control,Clear,Daylight,Dry,Non-Fatal Injury,Pedestrian Collisions,Driver,60 to 64,,Birchcliffe-Cliffside
16567,2020-07-24 08:00:00,KINGSTON  RD,LAKEHURST DR,Scarborough,43.696303,-79.2579,No Control,Clear,Daylight,Dry,Non-Fatal Injury,Pedestrian Collisions,Driver,25 to 29,,Birchcliffe-Cliffside
16568,2020-07-24 08:00:00,KINGSTON  RD,LAKEHURST DR,Scarborough,43.696303,-79.2579,No Control,Clear,Daylight,Dry,Non-Fatal Injury,Pedestrian Collisions,Pedestrian,45 to 49,,Birchcliffe-Cliffside
16569,2020-07-24 08:00:00,BRIMLEY RD,MINERVA AVE,Scarborough,43.722533,-79.242137,Stop Sign,Clear,Daylight,Dry,Non-Fatal Injury,Angle,Driver,60 to 64,,Cliffcrest
16570,2020-07-24 08:00:00,BRIMLEY RD,MINERVA AVE,Scarborough,43.722533,-79.242137,Stop Sign,Clear,Daylight,Dry,Non-Fatal Injury,Angle,Motorcycle Driver,30 to 34,Major,Cliffcrest
16571,2020-07-24 08:00:00,MARKHAM RD,ELLESMERE RD,Scarborough,43.777697,-79.232211,No Control,Clear,"Dark, artificial",Dry,Non-Fatal Injury,Rear End,Driver,30 to 34,Major,Woburn North
16572,2020-07-24 08:00:00,MARKHAM RD,ELLESMERE RD,Scarborough,43.777697,-79.232211,No Control,Clear,"Dark, artificial",Dry,Non-Fatal Injury,Rear End,Driver,20 to 24,,Woburn North
16573,2020-07-24 08:00:00,MARKHAM RD,ELLESMERE RD,Scarborough,43.777697,-79.232211,No Control,Clear,"Dark, artificial",Dry,Non-Fatal Injury,Rear End,Passenger,20 to 24,,Woburn North
16574,2020-07-26 08:00:00,881 SHEPPARD AVE W,,North York,43.751918,-79.455127,No Control,Clear,"Dark, artificial",Dry,Fatal,Pedestrian Collisions,Driver,25 to 29,,Clanton Park
16575,2020-07-26 08:00:00,881 SHEPPARD AVE W,,North York,43.751918,-79.455127,No Control,Clear,"Dark, artificial",Dry,Fatal,Pedestrian Collisions,Pedestrian,25 to 29,Fatal,Clanton Park
16576,2020-07-28 08:00:00,STANLEY AVE,STATION RD,Etobicoke York,43.614997,-79.494197,Stop Sign,Clear,Daylight,Dry,Fatal,Pedestrian Collisions,Pedestrian,80 to 84,Fatal,Mimico-Queensway
16577,2020-07-28 08:00:00,STANLEY AVE,STATION RD,Etobicoke York,43.614997,-79.494197,Stop Sign,Clear,Daylight,Dry,Fatal,Pedestrian Collisions,Driver,65 to 69,Minimal,Mimico-Queensway
16578,2020-07-28 08:00:00,MIDLAND  AVE,COPTHORNE  AVE,Scarborough,43.820635,-79.294894,Traffic Signal,Clear,Daylight,Dry,Non-Fatal Injury,Pedestrian Collisions,Driver,55 to 59,,Milliken
16579,2020-07-28 08:00:00,MIDLAND  AVE,COPTHORNE  AVE,Scarborough,43.820635,-79.294894,Traffic Signal,Clear,Daylight,Dry,Non-Fatal Injury,Pedestrian Collisions,Pedestrian,60 to 64,Major,Milliken
16580,2020-07-30 08:00:00,746 OSSINGTON AVE,,Toronto and East York,43.662532,-79.425884,No Control,Clear,Daylight,Dry,Non-Fatal Injury,Pedestrian Collisions,Driver,40 to 44,,Dovercourt Village
16581,2020-07-30 08:00:00,746 OSSINGTON AVE,,Toronto and East York,43.662532,-79.425884,No Control,Clear,Daylight,Dry,Non-Fatal Injury,Pedestrian Collisions,Pedestrian,70 to 74,Major,Dovercourt Village
16582,2020-07-30 08:00:00,SPADINA AVE,COLLEGE ST,Scarborough,43.657874,-79.400012,Traffic Signal,Clear,Daylight,Dry,Non-Fatal Injury,Cyclist Collisions,Cyclist,20 to 24,Major,Kensington-Chinatown
16583,2020-07-30 08:00:00,SPADINA AVE,COLLEGE ST,Scarborough,43.657874,-79.400012,Traffic Signal,Clear,Daylight,Dry,Non-Fatal Injury,Cyclist Collisions,Driver,45 to 49,,Kensington-Chinatown
16584,2020-07-30 08:00:00,ISLINGTON AVE,BLOOR ST W,Etobicoke York,43.644576,-79.523395,Traffic Signal,Clear,Daylight,Dry,Non-Fatal Injury,Turning Movement,Driver,45 to 49,,Stonegate-Queensway
16585,2020-07-30 08:00:00,ISLINGTON AVE,BLOOR ST W,Etobicoke York,43.644576,-79.523395,Traffic Signal,Clear,Daylight,Dry,Non-Fatal Injury,Turning Movement,Motorcycle Driver,25 to 29,Major,Stonegate-Queensway
16586,2020-08-06 08:00:00,941 PROGRESS AVE,,Scarborough,43.783114,-79.231799,No Control,Clear,Daylight,Dry,Non-Fatal Injury,Pedestrian Collisions,Driver,35 to 39,,Woburn North