,DATE,STREET1,STREET2,DISTRICT,LATITUDE,LONGITUDE,TRAFFCTL,VISIBILITY,LIGHT,RDSFCOND,ACCLASS,IMPACTYPE,INVTYPE,INVAGE,INJURY,NEIGHBOURHOOD_158
16943,2021-02-16 10:00:00,ST CLAIR AVE E,PHARMACY  AVE,Scarborough,43.70978,-79.290897,Traffic Signal,Snow,Daylight,Wet,Non-Fatal Injury,Rear End,Driver,40 to 44,Minor,Clairlea-Birchmount
16944,2021-02-24 10:00:00,1260 ST CLAIR AVE W,,Etobicoke York,43.677119,-79.446529,No Control,Clear,Daylight,Wet,Non-Fatal Injury,Pedestrian Collisions,Driver,80 to 84,,Corso Italia-Davenport
16945,2021-02-24 10:00:00,1260 ST CLAIR AVE W,,Etobicoke York,43.677119,-79.446529,No Control,Clear,Daylight,Wet,Non-Fatal Injury,Pedestrian Collisions,Pedestrian,25 to 29,Major,Corso Italia-Davenport
16946,2021-02-24 10:00:00,1260 ST CLAIR AVE W,,Etobicoke York,43.677119,-79.446529,No Control,Clear,Daylight,Wet,Non-Fatal Injury,Pedestrian Collisions,Pedestrian,0 to 4,Minor,Corso Italia-Davenport
16947,2021-02-24 10:00:00,1260 ST CLAIR AVE W,,Etobicoke York,43.677119,-79.446529,No Control,Clear,Daylight,Wet,Non-Fatal Injury,Pedestrian Collisions,Pedestrian,0 to 4,,Corso Italia-Davenport
16948,2021-02-26 10:00:00,BELLAMY RD N,BRAEBURN BLVD,Scarborough,43.749388,-79.232257,No Control,Clear,"Dark, artificial",Dry,Non-Fatal Injury,Rear End,Driver,25 to 29,Major,Golfdale-Cedarbrae-Woburn
16949,2021-02-26 10:00:00,BELLAMY RD N,BRAEBURN BLVD,Scarborough,43.749388,-79.232257,No Control,Clear,"Dark, artificial",Dry,Non-Fatal Injury,Rear End,Driver,25 to 29,Minimal,Golfdale-Cedarbrae-Woburn
16950,2021-02-26 10:00:00,BELLAMY RD N,BRAEBURN BLVD,Scarborough,43.749388,-79.232257,No Control,Clear,"Dark, artificial",Dry,Non-Fatal Injury,Rear End,Passenger,25 to 29,Minimal,Golfdale-Cedarbrae-Woburn
16951,2021-02-26 10:00:00,BELLAMY RD N,BRAEBURN BLVD,Scarborough,43.749388,-79.232257,No Control,Clear,"Dark, artificial",Dry,Non-Fatal Injury,Rear End,Passenger,25 to 29,Minimal,Golfdale-Cedarbrae-Woburn
16952,2021-02-26 10:00:00,BELLAMY RD N,BRAEBURN BLVD,Scarborough,43.749388,-79.232257,No Control,Clear,"Dark, artificial",Dry,Non-Fatal Injury,Rear End,Passenger,35 to 39,Minimal,Golfdale-Cedarbrae-Woburn
16953,2021-02-27 10:00:00,LN N DUNDAS W HURON,HURON ST,Toronto and East York,43.653647,-79.396747,No Control,Clear,"Dark, artificial",Wet,Non-Fatal Injury,SMV Other,Driver,50 to 54,Major,Kensington-Chinatown
16954,2021-03-04 10:00:00,QUEEN ST W,DOWLING AVE,Toronto and East York,43.63988,-79.439822,No Control,Clear,Daylight,Dry,Non-Fatal Injury,Pedestrian Collisions,Driver,25 to 29,,South Parkdale
16955,2021-03-04 10:00:00,QUEEN ST W,DOWLING AVE,Toronto and East York,43.63988,-79.439822,No Control,Clear,Daylight,Dry,Non-Fatal Injury,Pedestrian Collisions,Passenger,20 to 24,,South Parkdale
16956,2021-03-04 10:00:00,QUEEN ST W,DOWLING AVE,Toronto and East York,43.63988,-79.439822,No Control,Clear,Daylight,Dry,Non-Fatal Injury,Pedestrian Collisions,Passenger,65 to 69,,South Parkdale
16957,2021-03-04 10:00:00,QUEEN ST W,DOWLING AVE,Toronto and East York,43.63988,-79.439822,No Control,Clear,Daylight,Dry,Non-Fatal Injury,Pedestrian Collisions,Pedestrian,60 to 64,Major,South Parkdale
16958,2021-03-11 10:00:00,PLAXTON  DR,ST CLAIR  AVE E,Toronto and East York,43.707598,-79.302608,Traffic Signal,Clear,Daylight,Dry,Non-Fatal Injury,Pedestrian Collisions,Driver,60 to 64,,O'Connor-Parkview
16959,2021-03-11 10:00:00,PLAXTON  DR,ST CLAIR  AVE E,Toronto and East York,43.707598,-79.302608,Traffic Signal,Clear,Daylight,Dry,Non-Fatal Injury,Pedestrian Collisions,Pedestrian,55 to 59,Major,O'Connor-Parkview
16960,2021-03-12 10:00:00,PAPE AVE,GAMBLE AVE,Toronto and East York,43.690329,-79.349132,No Control,Clear,"Dark, artificial",Dry,Non-Fatal Injury,Pedestrian Collisions,Driver,50 to 54,,Old East York
16961,2021-03-12 10:00:00,PAPE AVE,GAMBLE AVE,Toronto and East York,43.690329,-79.349132,No Control,Clear,"Dark, artificial",Dry,Non-Fatal Injury,Pedestrian Collisions,Pedestrian,80 to 84,Major,Old East York
16962,2021-03-12 10:00:00,PAPE AVE,GAMBLE AVE,Toronto and East York,43.690329,-79.349132,No Control,Clear,"Dark, artificial",Dry,Non-Fatal Injury,Pedestrian Collisions,Pedestrian,55 to 59,Major,Old East York
16963,2021-03-14 09:00:00,DUNDAS ST W,BATHURST  ST,Toronto and East York,43.652239,-79.405978,Traffic Signal,Clear,Daylight,Dry,Non-Fatal Injury,Cyclist Collisions,Driver,30 to 34,,Kensington-Chinatown
16964,2021-03-14 09:00:00,DUNDAS ST W,BATHURST  ST,Toronto and East York,43.652239,-79.405978,Traffic Signal,Clear,Daylight,Dry,Non-Fatal Injury,Cyclist Collisions,Cyclist,40 to 44,Major,Kensington-Chinatown
16965,2021-03-16 08:00:00,KENNEDY RD,FINCH AVE E,Scarborough,43.802069,-79.297336,No Control,Clear,Daylight,Dry,Non-Fatal Injury,Approaching,Driver,15 to 19,Minor,East L'Amoreaux
16966,2021-03-16 08:00:00,KENNEDY RD,FINCH AVE E,Scarborough,43.802069,-79.297336,No Control,Clear,Daylight,Dry,Non-Fatal Injury,Approaching,Driver,70 to 74,Minor,East L'Amoreaux
16967,2021-03-16 08:00:00,KENNEDY RD,FINCH AVE E,Scarborough,43.802069,-79.297336,No Control,Clear,Daylight,Dry,Non-Fatal Injury,Approaching,Passenger,15 to 19,Major,East L'Amoreaux
16968,2021-03-16 08:00:00,HIGHWAY 27  N,REXDALE BLVD,Etobicoke York,43.717196,-79.595577,Traffic Signal,Clear,"Dark, artificial",Dry,Non-Fatal Injury,Turning Movement,Driver,30 to 34,Major,West Humber-Clairville
16969,2021-03-16 08:00:00,HIGHWAY 27  N,REXDALE BLVD,Etobicoke York,43.717196,-79.595577,Traffic Signal,Clear,"Dark, artificial",Dry,Non-Fatal Injury,Turning Movement,Driver,30 to 34,Major,West Humber-Clairville
16970,2021-03-18 08:00:00,YONGE  ST,ALEXANDER  ST,Toronto and East York,43.662947,-79.383746,Traffic Signal,Clear,Daylight,Wet,Non-Fatal Injury,Pedestrian Collisions,Driver,55 to 59,,Church-Wellesley
16971,2021-03-18 08:00:00,YONGE  ST,ALEXANDER  ST,Toronto and East York,43.662947,-79.383746,Traffic Signal,Clear,Daylight,Wet,Non-Fatal Injury,Pedestrian Collisions,Pedestrian,40 to 44,Major,Church-Wellesley
16972,2021-03-18 08:00:00,GREENWIN VILLAGE RD,BATHURST ST,North York,43.790755,-79.444835,No Control,Clear,Daylight,Dry,Non-Fatal Injury,Pedestrian Collisions,Driver,55 to 59,,Newtonbrook West
16973,2021-03-18 08:00:00,GREENWIN VILLAGE RD,BATHURST ST,North York,43.790755,-79.444835,No Control,Clear,Daylight,Dry,Non-Fatal Injury,Pedestrian Collisions,Pedestrian,60 to 64,Major,Newtonbrook West
16974,2021-03-18 08:00:00,204 CLEVELAND ST,,Toronto and East York,43.705317,-79.378703,No Control,Clear,Daylight,Dry,Non-Fatal Injury,Pedestrian Collisions,Driver,80 to 84,,Mount Pleasant East
16975,2021-03-18 08:00:00,204 CLEVELAND ST,,Toronto and East York,43.705317,-79.378703,No Control,Clear,Daylight,Dry,Non-Fatal Injury,Pedestrian Collisions,Pedestrian,5 to 9,Major,Mount Pleasant East
16976,2021-03-19 08:00:00,FINCH AVE W,HUMBERLINE DR,Etobicoke York,43.734969,-79.617831,No Control,Clear,Daylight,Dry,Non-Fatal Injury,Pedestrian Collisions,Driver,50 to 54,,West Humber-Clairville
16977,2021-03-19 08:00:00,FINCH AVE W,HUMBERLINE DR,Etobicoke York,43.734969,-79.617831,No Control,Clear,Daylight,Dry,Non-Fatal Injury,Pedestrian Collisions,Pedestrian,15 to 19,Major,West Humber-Clairville
16978,2021-03-21 08:00:00,ORIOLE PKWY,WILBERTON RD,Toronto and East York,43.694503,-79.402149,No Control,Clear,Daylight,Dry,Non-Fatal Injury,SMV Other,Motorcycle Driver,50 to 54,Major,Yonge-St.Clair
16979,2021-03-23 08:00:00,BURNHAMTHORPE RD,MILL RD,Etobicoke York,43.639132,-79.584323,Traffic Signal,Clear,Daylight,Dry,Non-Fatal Injury,Turning Movement,Driver,15 to 19,Major,Markland Wood
16980,2021-03-23 08:00:00,BURNHAMTHORPE RD,MILL RD,Etobicoke York,43.639132,-79.584323,Traffic Signal,Clear,Daylight,Dry,Non-Fatal Injury,Turning Movement,Driver,30 to 34,,Markland Wood
16981,2021-03-23 08:00:00,BURNHAMTHORPE RD,MILL RD,Etobicoke York,43.639132,-79.584323,Traffic Signal,Clear,Daylight,Dry,Non-Fatal Injury,Turning Movement,Passenger,10 to 14,,Markland Wood
16982,2021-03-23 08:00:00,BURNHAMTHORPE RD,MILL RD,Etobicoke York,43.639132,-79.584323,Traffic Signal,Clear,Daylight,Dry,Non-Fatal Injury,Turning Movement,Passenger,10 to 14,,Markland Wood
16983,2021-03-24 08:00:00,HENLEY CRES,KIPLING  AVE,Etobicoke York,43.730448,-79.575794,Traffic Signal,Clear,"Dark, artificial",Dry,Non-Fatal Injury,Pedestrian Collisions,Driver,55 to 59,,Rexdale-Kipling
16984,2021-03-24 08:00:00,HENLEY CRES,KIPLING  AVE,Etobicoke York,43.730448,-79.575794,Traffic Signal,Clear,"Dark, artificial",Dry,Non-Fatal Injury,Pedestrian Collisions,Pedestrian,25 to 29,Major,Rexdale-Kipling
16985,2021-03-25 08:00:00,LAKE SHORE  BLVD E,DON ROADWAY,Toronto and East York,43.650523,-79.347614,No Control,Clear,Dark,Dry,Non-Fatal Injury,SMV Other,Driver,35 to 39,Major,St Lawrence-East Bayfront-The Islands
16986,2021-03-25 08:00:00,VICTORIA PARK AVE,SPARKS AVE,Scarborough,43.808455,-79.338275,No Control,Rain,"Dark, artificial",Wet,Fatal,Pedestrian Collisions,Pedestrian,30 to 34,Fatal,Steeles
16987,2021-03-25 08:00:00,VICTORIA PARK AVE,SPARKS AVE,Scarborough,43.808455,-79.338275,No Control,Rain,"Dark, artificial",Wet,Fatal,Pedestrian Collisions,Driver,45 to 49,,Steeles
16988,2021-03-27 08:00:00,HUNTINGWOOD  DR,LEAFIELD  DR,Scarborough,43.780646,-79.323901,No Control,Clear,"Dark, artificial",Dry,Non-Fatal Injury,Cyclist Collisions,Driver,55 to 59,,L'Amoreaux West
16989,2021-03-27 08:00:00,HUNTINGWOOD  DR,LEAFIELD  DR,Scarborough,43.780646,-79.323901,No Control,Clear,"Dark, artificial",Dry,Non-Fatal Injury,Cyclist Collisions,Cyclist,15 to 19,Major,L'Amoreaux West
16990,2021-04-01 08:00:00,QUEENS QUAY E,SMALL ST,Toronto and East York,43.646342,-79.361942,No Control,Clear,Daylight,Dry,Non-Fatal Injury,SMV Other,Motorcycle Driver,45 to 49,Major,St Lawrence-East Bayfront-The Islands
16991,2021-04-02 08:00:00,LAWRENCE  AVE W,BLACK CREEK  DR,Etobicoke York,43.705226,-79.492557,Stop Sign,Clear,Daylight,Dry,Non-Fatal Injury,Cyclist Collisions,Driver,45 to 49,,Brookhaven-Amesbury
16992,2021-04-02 08:00:00,LAWRENCE  AVE W,BLACK CREEK  DR,Etobicoke York,43.705226,-79.492557,Stop Sign,Clear,Daylight,Dry,Non-Fatal Injury,Cyclist Collisions,Cyclist,45 to 49,Major,Brookhaven-Amesbury
16993,2021-04-02 08:00:00,LAWRENCE  AVE W,BLACK CREEK  DR,Etobicoke York,43.705226,-79.492557,Stop Sign,Clear,Daylight,Dry,Non-Fatal Injury,Cyclist Collisions,Passenger,40 to 44,,Brookhaven-Amesbury
16994,2021-04-04 08:00:00,WILSON  AVE,YONGE BLVD,North York,43.741217,-79.415187,Traffic Signal,Clear,Daylight,Dry,Non-Fatal Injury,Angle,Passenger,50 to 54,,Bedford Park-Nortown
16995,2021-04-04 08:00:00,WILSON  AVE,YONGE BLVD,North York,43.741217,-79.415187,Traffic Signal,Clear,Daylight,Dry,Non-Fatal Injury,Angle,Motorcycle Driver,45 to 49,Major,Bedford Park-Nortown
16996,2021-04-04 08:00:00,WILSON  AVE,YONGE BLVD,North York,43.741217,-79.415187,Traffic Signal,Clear,Daylight,Dry,Non-Fatal Injury,Angle,Driver,15 to 19,,Bedford Park-Nortown
16997,2021-04-04 08:00:00,LAKE SHORE  BLVD W,BATHURST ST,Toronto and East York,43.636412,-79.399608,Traffic Signal,Clear,"Dark, artificial",Dry,Non-Fatal Injury,Pedestrian Collisions,Driver,25 to 29,,Fort York-Liberty Village
16998,2021-04-04 08:00:00,LAKE SHORE  BLVD W,BATHURST ST,Toronto and East York,43.636412,-79.399608,Traffic Signal,Clear,"Dark, artificial",Dry,Non-Fatal Injury,Pedestrian Collisions,Pedestrian,25 to 29,Major,Fort York-Liberty Village
16999,2021-04-05 08:00:00,EASTERN  AVE,GILEAD  PL,Toronto and East York,43.653208,-79.359607,No Control,Clear,"Dark, artificial",Dry,Non-Fatal Injury,SMV Other,Driver,15 to 19,Major,St Lawrence-East Bayfront-The Islands
17000,2021-04-05 08:00:00,EASTERN  AVE,GILEAD  PL,Toronto and East York,43.653208,-79.359607,No Control,Clear,"Dark, artificial",Dry,Non-Fatal Injury,SMV Other,Driver,25 to 29,,St Lawrence-East Bayfront-The Islands
17001,2021-04-05 08:00:00,EASTERN  AVE,GILEAD  PL,Toronto and East York,43.653208,-79.359607,No Control,Clear,"Dark, artificial",Dry,Non-Fatal Injury,SMV Other,Passenger,15 to 19,Minor,St Lawrence-East Bayfront-The Islands
17002,2021-04-05 08:00:00,EASTERN  AVE,GILEAD  PL,Toronto and East York,43.653208,-79.359607,No Control,Clear,"Dark, artificial",Dry,Non-Fatal Injury,SMV Other,Passenger,15 to 19,Minor,St Lawrence-East Bayfront-The Islands
17003,2021-04-05 08:00:00,EASTERN  AVE,GILEAD  PL,Toronto and East York,43.653208,-79.359607,No Control,Clear,"Dark, artificial",Dry,Non-Fatal Injury,SMV Other,Passenger,15 to 19,Major,St Lawrence-East Bayfront-The Islands
17004,2021-04-05 08:00:00,EASTERN  AVE,GILEAD  PL,Toronto and East York,43.653208,-79.359607,No Control,Clear,"Dark, artificial",Dry,Non-Fatal Injury,SMV Other,Passenger,25 to 29,,St Lawrence-East Bayfront-The Islands
17005,2021-04-06 08:00:00,107 THE QUEENSWAY,,Etobicoke York,43.63674,-79.471339,No Control,Clear,Daylight,Dry,Non-Fatal Injury,Other,Driver,50 to 54,,High Park-Swansea
17006,2021-04-06 08:00:00,107 THE QUEENSWAY,,Etobicoke York,43.63674,-79.471339,No Control,Clear,Daylight,Dry,Non-Fatal Injury,Other,Passenger,75 to 79,Major,High Park-Swansea
17007,2021-04-07 08:00:00,NIAGARA  ST,BATHURST  ST,Toronto and East York,43.641841,-79.401851,Traffic Signal,Clear,Daylight,Dry,Non-Fatal Injury,Pedestrian Collisions,Driver,35 to 39,,Wellington Place
17008,2021-04-07 08:00:00,NIAGARA  ST,BATHURST  ST,Toronto and East York,43.641841,-79.401851,Traffic Signal,Clear,Daylight,Dry,Non-Fatal Injury,Pedestrian Collisions,Pedestrian,20 to 24,Major,Wellington Place
17009,2021-04-08 08:00:00,MORNINGSIDE AVE,MILNER AVE,Scarborough,43.800208,-79.199046,Traffic Signal,Clear,"Dusk, artificial",Dry,Non-Fatal Injury,Turning Movement,Driver,55 to 59,,Morningside Heights
17010,2021-04-08 08:00:00,MORNINGSIDE AVE,MILNER AVE,Scarborough,43.800208,-79.199046,Traffic Signal,Clear,"Dusk, artificial",Dry,Non-Fatal Injury,Turning Movement,Motorcycle Driver,30 to 34,Major,Morningside Heights
17011,2021-04-08 08:00:00,MORNINGSIDE AVE,MILNER AVE,Scarborough,43.800208,-79.199046,Traffic Signal,Clear,"Dusk, artificial",Dry,Non-Fatal Injury,Turning Movement,Passenger,25 to 29,,Morningside Heights
17012,2021-04-10 08:00:00,DANFORTH  AVE,DEWHURST BLVD,Toronto and East York,43.680033,-79.338893,No Control,Clear,"Dark, artificial",Dry,Non-Fatal Injury,Approaching,Driver,25 to 29,Major,Blake-Jones
17013,2021-04-10 08:00:00,DANFORTH  AVE,DEWHURST BLVD,Toronto and East York,43.680033,-79.338893,No Control,Clear,"Dark, artificial",Dry,Non-Fatal Injury,Approaching,Driver,45 to 49,Minor,Blake-Jones
17014,2021-04-10 08:00:00,COXWELL  AVE,QUEEN  ST E,Toronto and East York,43.666285,-79.316562,Traffic Signal,Clear,Daylight,Dry,Non-Fatal Injury,Cyclist Collisions,Driver,65 to 69,,Greenwood-Coxwell
17015,2021-04-10 08:00:00,COXWELL  AVE,QUEEN  ST E,Toronto and East York,43.666285,-79.316562,Traffic Signal,Clear,Daylight,Dry,Non-Fatal Injury,Cyclist Collisions,Cyclist,35 to 39,Major,Greenwood-Coxwell
17016,2021-04-15 08:00:00,QUEEN ST E,BROADVIEW  AVE,Toronto and East York,43.658923,-79.349284,No Control,Clear,Daylight,Dry,Non-Fatal Injury,Pedestrian Collisions,Driver,40 to 44,,South Riverdale
17017,2021-04-15 08:00:00,QUEEN ST E,BROADVIEW  AVE,Toronto and East York,43.658923,-79.349284,No Control,Clear,Daylight,Dry,Non-Fatal Injury,Pedestrian Collisions,Passenger,40 to 44,,South Riverdale
17018,2021-04-15 08:00:00,QUEEN ST E,BROADVIEW  AVE,Toronto and East York,43.658923,-79.349284,No Control,Clear,Daylight,Dry,Non-Fatal Injury,Pedestrian Collisions,Pedestrian,25 to 29,Major,South Riverdale
17019,2021-04-15 08:00:00,FINCH AVE W,SENTINEL RD,North York,43.760363,-79.502773,No Control,Clear,Daylight,Dry,Fatal,Pedestrian Collisions,Pedestrian,45 to 49,Fatal,York University Heights
17020,2021-04-15 08:00:00,FINCH AVE W,SENTINEL RD,North York,43.760363,-79.502773,No Control,Clear,Daylight,Dry,Fatal,Pedestrian Collisions,Truck Driver,55 to 59,,York University Heights
17021,2021-04-15 08:00:00,DUNDAS ST W,BATHURST ST,Toronto and East York,43.652239,-79.405978,Traffic Signal,Clear,Daylight,Dry,Non-Fatal Injury,Cyclist Collisions,Driver,unknown,,Kensington-Chinatown
17022,2021-04-15 08:00:00,DUNDAS ST W,BATHURST ST,Toronto and East York,43.652239,-79.405978,Traffic Signal,Clear,Daylight,Dry,Non-Fatal Injury,Cyclist Collisions,Cyclist,60 to 64,Major,Kensington-Chinatown
17023,2021-04-21 08:00:00,DUNDAS ST W,AUGUSTA AVE,Toronto and East York,43.652201,-79.401103,No Control,Clear,"Dark, artificial",Dry,Fatal,SMV Unattended Vehicle,Driver,30 to 34,Major,Kensington-Chinatown
17024,2021-04-21 08:00:00,DUNDAS ST W,AUGUSTA AVE,Toronto and East York,43.652201,-79.401103,No Control,Clear,"Dark, artificial",Dry,Fatal,SMV Unattended Vehicle,Driver,30 to 34,,Kensington-Chinatown
17025,2021-04-21 08:00:00,DUNDAS ST W,AUGUSTA AVE,Toronto and East York,43.652201,-79.401103,No Control,Clear,"Dark, artificial",Dry,Fatal,SMV Unattended Vehicle,Passenger,35 to 39,Fatal,Kensington-Chinatown
17026,2021-04-23 08:00:00,LEITCH AVE,MURRAY ROSS PKWY,North York,43.765841,-79.496097,Stop Sign,Clear,"Dark, artificial",Dry,Non-Fatal Injury,Turning Movement,Driver,20 to 24,,York University Heights
17027,2021-04-23 08:00:00,LEITCH AVE,MURRAY ROSS PKWY,North York,43.765841,-79.496097,Stop Sign,Clear,"Dark, artificial",Dry,Non-Fatal Injury,Turning Movement,Motorcycle Driver,30 to 34,Major,York University Heights
17028,2021-04-23 08:00:00,LEITCH AVE,MURRAY ROSS PKWY,North York,43.765841,-79.496097,Stop Sign,Clear,"Dark, artificial",Dry,Non-Fatal Injury,Turning Movement,Passenger,20 to 24,,York University Heights
17029,2021-04-23 08:00:00,LEITCH AVE,MURRAY ROSS PKWY,North York,43.765841,-79.496097,Stop Sign,Clear,"Dark, artificial",Dry,Non-Fatal Injury,Turning Movement,Passenger,20 to 24,,York University Heights
17030,2021-04-23 08:00:00,LEITCH AVE,MURRAY ROSS PKWY,North York,43.765841,-79.496097,Stop Sign,Clear,"Dark, artificial",Dry,Non-Fatal Injury,Turning Movement,Passenger,20 to 24,,York University Heights
17031,2021-04-23 08:00:00,LEITCH AVE,MURRAY ROSS PKWY,North York,43.765841,-79.496097,Stop Sign,Clear,"Dark, artificial",Dry,Non-Fatal Injury,Turning Movement,Passenger,20 to 24,,York University Heights
17032,2021-04-24 08:00:00,EGLINTON  AVE W,LLOYD MANOR  RD,Etobicoke York,43.675551,-79.557628,No Control,Clear,Daylight,Dry,Non-Fatal Injury,Rear End,Driver,25 to 29,,Princess-Rosethorn
17033,2021-04-24 08:00:00,EGLINTON  AVE W,LLOYD MANOR  RD,Etobicoke York,43.675551,-79.557628,No Control,Clear,Daylight,Dry,Non-Fatal Injury,Rear End,Driver,65 to 69,Major,Princess-Rosethorn
17034,2021-04-26 08:00:00,ARKONA DR,ARKONA  DR,Scarborough,43.773184,-79.304469,Stop Sign,Clear,Daylight,Dry,Non-Fatal Injury,Pedestrian Collisions,Driver,45 to 49,,Tam O'Shanter-Sullivan
17035,2021-04-26 08:00:00,ARKONA DR,ARKONA  DR,Scarborough,43.773184,-79.304469,Stop Sign,Clear,Daylight,Dry,Non-Fatal Injury,Pedestrian Collisions,Pedestrian,55 to 59,Major,Tam O'Shanter-Sullivan
17036,2021-04-27 08:00:00,MAIN ST,DANFORTH AVE,Toronto and East York,43.688071,-79.301791,Traffic Signal,Clear,Daylight,Dry,Fatal,Pedestrian Collisions,Driver,50 to 54,,East End-Danforth
17037,2021-04-27 08:00:00,MAIN ST,DANFORTH AVE,Toronto and East York,43.688071,-79.301791,Traffic Signal,Clear,Daylight,Dry,Fatal,Pedestrian Collisions,Wheelchair,80 to 84,Fatal,East End-Danforth
17038,2021-05-01 08:00:00,KANE AVE,ROGERS  RD,Etobicoke York,43.681983,-79.466502,Stop Sign,Clear,Daylight,Dry,Non-Fatal Injury,Angle,Driver,30 to 34,,Keelesdale-Eglinton West
17039,2021-05-01 08:00:00,KANE AVE,ROGERS  RD,Etobicoke York,43.681983,-79.466502,Stop Sign,Clear,Daylight,Dry,Non-Fatal Injury,Angle,Driver,55 to 59,Minimal,Keelesdale-Eglinton West
17040,2021-05-01 08:00:00,KANE AVE,ROGERS  RD,Etobicoke York,43.681983,-79.466502,Stop Sign,Clear,Daylight,Dry,Non-Fatal Injury,Angle,Passenger,35 to 39,Major,Keelesdale-Eglinton West
17041,2021-05-01 08:00:00,LAWRENCE  AVE E,GREENBRAE  CRCT,Scarborough,43.758113,-79.233043,Traffic Signal,Clear,Daylight,Dry,Non-Fatal Injury,Rear End,Motorcycle Driver,60 to 64,Major,Golfdale-Cedarbrae-Woburn
17042,2021-05-01 08:00:00,LAWRENCE  AVE E,GREENBRAE  CRCT,Scarborough,43.758113,-79.233043,Traffic Signal,Clear,Daylight,Dry,Non-Fatal Injury,Rear End,Driver,45 to 49,,Golfdale-Cedarbrae-Woburn
17043,2021-05-01 08:00:00,LAWRENCE  AVE E,GREENBRAE  CRCT,Scarborough,43.758113,-79.233043,Traffic Signal,Clear,Daylight,Dry,Non-Fatal Injury,Rear End,Passenger,45 to 49,Minimal,Golfdale-Cedarbrae-Woburn
17044,2021-05-01 08:00:00,KINGSTON  RD,MORNINGSIDE  AVE,Scarborough,43.770541,-79.186832,Traffic Signal,Clear,"Dark, artificial",Dry,Non-Fatal Injury,Turning Movement,Driver,35 to 39,Major,West Hill
17045,2021-05-01 08:00:00,KINGSTON  RD,MORNINGSIDE  AVE,Scarborough,43.770541,-79.186832,Traffic Signal,Clear,"Dark, artificial",Dry,Non-Fatal Injury,Turning Movement,Driver,50 to 54,Major,West Hill
17046,2021-05-03 08:00:00,SPADINA  AVE,NASSAU  ST,Toronto and East York,43.655276,-79.398967,No Control,Clear,Daylight,Dry,Non-Fatal Injury,Pedestrian Collisions,Driver,35 to 39,,Kensington-Chinatown
17047,2021-05-03 08:00:00,SPADINA  AVE,NASSAU  ST,Toronto and East York,43.655276,-79.398967,No Control,Clear,Daylight,Dry,Non-Fatal Injury,Pedestrian Collisions,Pedestrian,45 to 49,Major,Kensington-Chinatown
17048,2021-05-03 08:00:00,SPADINA  AVE,NASSAU  ST,Toronto and East York,43.655276,-79.398967,No Control,Clear,Daylight,Dry,Non-Fatal Injury,Pedestrian Collisions,Passenger,50 to 54,Minimal,Kensington-Chinatown
17049,2021-05-10 08:00:00,WESTON  RD,STEELES AVE W,Etobicoke York,43.770209,-79.546481,Traffic Signal,Clear,Daylight,Dry,Non-Fatal Injury,Rear End,Driver,55 to 59,Major,Humber Summit
17050,2021-05-10 08:00:00,WESTON  RD,STEELES AVE W,Etobicoke York,43.770209,-79.546481,Traffic Signal,Clear,Daylight,Dry,Non-Fatal Injury,Rear End,Driver,55 to 59,Major,Humber Summit
17051,2021-05-10 08:00:00,WESTON  RD,STEELES AVE W,Etobicoke York,43.770209,-79.546481,Traffic Signal,Clear,Daylight,Dry,Non-Fatal Injury,Rear End,Driver,30 to 34,,Humber Summit
17052,2021-05-10 08:00:00,WESTON  RD,STEELES AVE W,Etobicoke York,43.770209,-79.546481,Traffic Signal,Clear,Daylight,Dry,Non-Fatal Injury,Rear End,Driver,25 to 29,,Humber Summit
17053,2021-05-10 08:00:00,WESTON  RD,STEELES AVE W,Etobicoke York,43.770209,-79.546481,Traffic Signal,Clear,Daylight,Dry,Non-Fatal Injury,Rear End,Driver,55 to 59,,Humber Summit
17054,2021-05-10 08:00:00,WESTON  RD,STEELES AVE W,Etobicoke York,43.770209,-79.546481,Traffic Signal,Clear,Daylight,Dry,Non-Fatal Injury,Rear End,Driver,55 to 59,Minor,Humber Summit
17055,2021-05-12 08:00:00,LAWRENCE AVE E,STARSPRAY BLVD,Scarborough,43.788428,-79.122974,No Control,Clear,Daylight,Dry,Non-Fatal Injury,Pedestrian Collisions,Driver,60 to 64,,West Rouge
17056,2021-05-12 08:00:00,LAWRENCE AVE E,STARSPRAY BLVD,Scarborough,43.788428,-79.122974,No Control,Clear,Daylight,Dry,Non-Fatal Injury,Pedestrian Collisions,Pedestrian,70 to 74,Major,West Rouge
17057,2021-05-12 08:00:00,1190 WESTON  RD,,Etobicoke York,43.687628,-79.491267,No Control,Clear,Daylight,Dry,Non-Fatal Injury,Pedestrian Collisions,Driver,25 to 29,,Mount Dennis
17058,2021-05-12 08:00:00,1190 WESTON  RD,,Etobicoke York,43.687628,-79.491267,No Control,Clear,Daylight,Dry,Non-Fatal Injury,Pedestrian Collisions,Pedestrian,80 to 84,Major,Mount Dennis