,DATE,STREET1,STREET2,DISTRICT,LATITUDE,LONGITUDE,TRAFFCTL,VISIBILITY,LIGHT,RDSFCOND,ACCLASS,IMPACTYPE,INVTYPE,INVAGE,INJURY,NEIGHBOURHOOD_158
17177,2021-07-13 08:00:00,GERRARD ST E,HORTICULTURAL AVE,Toronto and East York,43.660609,-79.374698,Stop Sign,Clear,Daylight,Dry,Non-Fatal Injury,Cyclist Collisions,Cyclist,75 to 79,Major,Moss Park
17178,2021-07-13 08:00:00,GERRARD ST E,HORTICULTURAL AVE,Toronto and East York,43.660609,-79.374698,Stop Sign,Clear,Daylight,Dry,Non-Fatal Injury,Cyclist Collisions,Driver,50 to 54,,Moss Park
17179,2021-07-14 08:00:00,DON MILLS RD,GREEN BELT DR,Toronto and East York,43.730017,-79.341525,No Control,Clear,Daylight,Dry,Non-Fatal Injury,Pedestrian Collisions,Driver,70 to 74,,Banbury-Don Mills
17180,2021-07-14 08:00:00,DON MILLS RD,GREEN BELT DR,Toronto and East York,43.730017,-79.341525,No Control,Clear,Daylight,Dry,Non-Fatal Injury,Pedestrian Collisions,Pedestrian,15 to 19,Major,Banbury-Don Mills
17181,2021-07-19 08:00:00,5231 YONGE ST,ELLERSLIE AVE,North York,43.771399,-79.413409,No Control,Clear,Daylight,Dry,Non-Fatal Injury,Cyclist Collisions,Cyclist,30 to 34,Major,Yonge-Doris
17182,2021-07-19 08:00:00,5231 YONGE ST,ELLERSLIE AVE,North York,43.771399,-79.413409,No Control,Clear,Daylight,Dry,Non-Fatal Injury,Cyclist Collisions,Driver,45 to 49,,Yonge-Doris
17183,2021-07-19 08:00:00,RIDELLE AVE,TIMES RD,North York,43.702731,-79.446719,Stop Sign,Clear,Daylight,Dry,Non-Fatal Injury,Pedestrian Collisions,Truck Driver,45 to 49,,Briar Hill-Belgravia
17184,2021-07-19 08:00:00,RIDELLE AVE,TIMES RD,North York,43.702731,-79.446719,Stop Sign,Clear,Daylight,Dry,Non-Fatal Injury,Pedestrian Collisions,Pedestrian,75 to 79,Major,Briar Hill-Belgravia
17185,2021-07-19 08:00:00,DIXON  RD,ST PHILLIPS RD,Etobicoke York,43.699752,-79.534229,No Control,Clear,"Dark, artificial",Dry,Non-Fatal Injury,Pedestrian Collisions,Driver,60 to 64,,Humber Heights-Westmount
17186,2021-07-19 08:00:00,DIXON  RD,ST PHILLIPS RD,Etobicoke York,43.699752,-79.534229,No Control,Clear,"Dark, artificial",Dry,Non-Fatal Injury,Pedestrian Collisions,Pedestrian,50 to 54,Major,Humber Heights-Westmount
17187,2021-07-20 08:00:00,CARLINGVIEW DR,CONSTELLATION CRT,Etobicoke York,43.690688,-79.597316,No Control,Clear,Daylight,Dry,Fatal,SMV Other,Driver,65 to 69,Fatal,West Humber-Clairville
17188,2021-07-20 08:00:00,CARLINGVIEW DR,CONSTELLATION CRT,Etobicoke York,43.690688,-79.597316,No Control,Clear,Daylight,Dry,Fatal,SMV Other,Passenger,65 to 69,Fatal,West Humber-Clairville
17189,2021-07-21 08:00:00,27 S 427 C S RAMP,HIGHWAY 401 X  E,Etobicoke York,43.677428,-79.577968,No Control,Clear,Daylight,Dry,Fatal,Rear End,Driver,35 to 39,Minimal,West Humber-Clairville
17190,2021-07-21 08:00:00,27 S 427 C S RAMP,HIGHWAY 401 X  E,Etobicoke York,43.677428,-79.577968,No Control,Clear,Daylight,Dry,Fatal,Rear End,Driver,35 to 39,,West Humber-Clairville
17191,2021-07-21 08:00:00,27 S 427 C S RAMP,HIGHWAY 401 X  E,Etobicoke York,43.677428,-79.577968,No Control,Clear,Daylight,Dry,Fatal,Rear End,Passenger,35 to 39,Fatal,West Humber-Clairville
17192,2021-07-21 08:00:00,27 S 427 C S RAMP,HIGHWAY 401 X  E,Etobicoke York,43.677428,-79.577968,No Control,Clear,Daylight,Dry,Fatal,Rear End,Passenger,35 to 39,Minimal,West Humber-Clairville
17193,2021-07-22 08:00:00,1854 EGLINTON AVE W,1854 EGLINTON AVE W,North York,43.695426,-79.451267,Stop Sign,Clear,Daylight,Dry,Non-Fatal Injury,SMV Other,Driver,25 to 29,,Caledonia-Fairbank
17194,2021-07-22 08:00:00,1854 EGLINTON AVE W,1854 EGLINTON AVE W,North York,43.695426,-79.451267,Stop Sign,Clear,Daylight,Dry,Non-Fatal Injury,SMV Other,Pedestrian,25 to 29,Major,Caledonia-Fairbank
17195,2021-07-23 08:00:00,VICTORIA PARK AVE,EDGE PARK  AVE,Scarborough,43.718081,-79.299884,No Control,Clear,Daylight,Dry,Non-Fatal Injury,Pedestrian Collisions,Driver,35 to 39,,Victoria Village
17196,2021-07-23 08:00:00,VICTORIA PARK AVE,EDGE PARK  AVE,Scarborough,43.718081,-79.299884,No Control,Clear,Daylight,Dry,Non-Fatal Injury,Pedestrian Collisions,Passenger,35 to 39,,Victoria Village
17197,2021-07-23 08:00:00,VICTORIA PARK AVE,EDGE PARK  AVE,Scarborough,43.718081,-79.299884,No Control,Clear,Daylight,Dry,Non-Fatal Injury,Pedestrian Collisions,Pedestrian,20 to 24,Major,Victoria Village
17198,2021-07-23 08:00:00,ALBION RD,FINCH AV W,North York,43.741526,-79.591602,No Control,Clear,Daylight,Dry,Non-Fatal Injury,Turning Movement,Driver,50 to 54,Major,Mount Olive-Silverstone-Jamestown
17199,2021-07-23 08:00:00,ALBION RD,FINCH AV W,North York,43.741526,-79.591602,No Control,Clear,Daylight,Dry,Non-Fatal Injury,Turning Movement,Driver,50 to 54,,Mount Olive-Silverstone-Jamestown
17200,2021-07-23 08:00:00,2472 KINGSTON RD,,Scarborough,43.709796,-79.249019,,Clear,"Dark, artificial",Dry,Fatal,Pedestrian Collisions,Pedestrian,70 to 74,Fatal,Birchcliffe-Cliffside
17201,2021-07-23 08:00:00,2472 KINGSTON RD,,Scarborough,43.709796,-79.249019,,Clear,"Dark, artificial",Dry,Fatal,Pedestrian Collisions,Driver,20 to 24,,Birchcliffe-Cliffside
17202,2021-07-24 08:00:00,670 BIRCHMOUNT RD,ANACONDA AVENUE,,43.721084,-79.274189,Traffic Signal,Clear,"Dark, artificial",Dry,Non-Fatal Injury,SMV Other,Driver,30 to 34,Minor,Clairlea-Birchmount
17203,2021-07-24 08:00:00,670 BIRCHMOUNT RD,ANACONDA AVENUE,,43.721084,-79.274189,Traffic Signal,Clear,"Dark, artificial",Dry,Non-Fatal Injury,SMV Other,Passenger,10 to 14,Major,Clairlea-Birchmount
17204,2021-07-24 08:00:00,670 BIRCHMOUNT RD,ANACONDA AVENUE,,43.721084,-79.274189,Traffic Signal,Clear,"Dark, artificial",Dry,Non-Fatal Injury,SMV Other,Passenger,5 to 9,Major,Clairlea-Birchmount
17205,2021-07-24 08:00:00,ROYAL YORK  RD,BLOOR  ST W,Etobicoke York,43.647292,-79.511325,Traffic Signal,Rain,Daylight,Wet,Non-Fatal Injury,Pedestrian Collisions,Driver,45 to 49,,Stonegate-Queensway
17206,2021-07-24 08:00:00,ROYAL YORK  RD,BLOOR  ST W,Etobicoke York,43.647292,-79.511325,Traffic Signal,Rain,Daylight,Wet,Non-Fatal Injury,Pedestrian Collisions,Pedestrian,55 to 59,Major,Stonegate-Queensway
17207,2021-07-24 08:00:00,WILLIAM R ALLEN RD N,WILSON AVE,,43.733981,-79.449664,No Control,Rain,"Dark, artificial",Wet,Non-Fatal Injury,Rear End,Driver,20 to 24,,Clanton Park
17208,2021-07-24 08:00:00,WILLIAM R ALLEN RD N,WILSON AVE,,43.733981,-79.449664,No Control,Rain,"Dark, artificial",Wet,Non-Fatal Injury,Rear End,Driver,30 to 34,Major,Clanton Park
17209,2021-07-24 08:00:00,WILLIAM R ALLEN RD N,WILSON AVE,,43.733981,-79.449664,No Control,Rain,"Dark, artificial",Wet,Non-Fatal Injury,Rear End,Passenger,15 to 19,,Clanton Park
17210,2021-07-24 08:00:00,WILLIAM R ALLEN RD N,WILSON AVE,,43.733981,-79.449664,No Control,Rain,"Dark, artificial",Wet,Non-Fatal Injury,Rear End,Passenger,15 to 19,,Clanton Park
17211,2021-07-24 08:00:00,WILLIAM R ALLEN RD N,WILSON AVE,,43.733981,-79.449664,No Control,Rain,"Dark, artificial",Wet,Non-Fatal Injury,Rear End,Passenger,30 to 34,Minor,Clanton Park
17212,2021-07-24 08:00:00,WILLIAM R ALLEN RD N,WILSON AVE,,43.733981,-79.449664,No Control,Rain,"Dark, artificial",Wet,Non-Fatal Injury,Rear End,Passenger,35 to 39,Minor,Clanton Park
17213,2021-07-24 08:00:00,WILLIAM R ALLEN RD N,WILSON AVE,,43.733981,-79.449664,No Control,Rain,"Dark, artificial",Wet,Non-Fatal Injury,Rear End,Passenger,35 to 39,Major,Clanton Park
17214,2021-07-25 08:00:00,52 HOLLAND AVE,VICTORIA PARK AVE,Toronto and East York,43.715724,-79.299365,No Control,Clear,Daylight,Dry,Non-Fatal Injury,Angle,Driver,45 to 49,,O'Connor-Parkview
17215,2021-07-25 08:00:00,52 HOLLAND AVE,VICTORIA PARK AVE,Toronto and East York,43.715724,-79.299365,No Control,Clear,Daylight,Dry,Non-Fatal Injury,Angle,Driver,60 to 64,Major,O'Connor-Parkview
17216,2021-07-26 08:00:00,OAKWOOD AVE,ROGERS RD,Toronto and East York,43.68706,-79.438655,Traffic Signal,Clear,"Dark, artificial",Dry,Non-Fatal Injury,Turning Movement,Driver,20 to 24,Minor,Oakwood Village
17217,2021-07-26 08:00:00,OAKWOOD AVE,ROGERS RD,Toronto and East York,43.68706,-79.438655,Traffic Signal,Clear,"Dark, artificial",Dry,Non-Fatal Injury,Turning Movement,Driver,25 to 29,Major,Oakwood Village
17218,2021-07-26 08:00:00,OAKWOOD AVE,ROGERS RD,Toronto and East York,43.68706,-79.438655,Traffic Signal,Clear,"Dark, artificial",Dry,Non-Fatal Injury,Turning Movement,Passenger,20 to 24,Minimal,Oakwood Village
17219,2021-07-26 08:00:00,OAKWOOD AVE,ROGERS RD,Toronto and East York,43.68706,-79.438655,Traffic Signal,Clear,"Dark, artificial",Dry,Non-Fatal Injury,Turning Movement,Passenger,20 to 24,Minimal,Oakwood Village
17220,2021-07-26 08:00:00,FRONT ST W,SPADINA AVE,Toronto and East York,43.642672,-79.393901,Traffic Controller,Clear,Daylight,Dry,Non-Fatal Injury,SMV Other,Driver,65 to 69,,Harbourfront-CityPlace
17221,2021-07-26 08:00:00,FRONT ST W,SPADINA AVE,Toronto and East York,43.642672,-79.393901,Traffic Controller,Clear,Daylight,Dry,Non-Fatal Injury,SMV Other,Pedestrian,55 to 59,Major,Harbourfront-CityPlace
17222,2021-07-29 08:00:00,751 KIPLING AVE,,Etobicoke York,43.627307,-79.529269,No Control,Clear,Daylight,Dry,Fatal,Turning Movement,Motorcycle Driver,35 to 39,Fatal,Etobicoke City Centre
17223,2021-07-29 08:00:00,751 KIPLING AVE,,Etobicoke York,43.627307,-79.529269,No Control,Clear,Daylight,Dry,Fatal,Turning Movement,Driver,15 to 19,,Etobicoke City Centre
17224,2021-07-31 08:00:00,F G GARDINER XY E,LOWER JARVIS ST,Toronto and East York,43.645636,-79.370395,No Control,Clear,"Dark, artificial",Dry,Non-Fatal Injury,Rear End,Motorcycle Driver,35 to 39,Major,St Lawrence-East Bayfront-The Islands
17225,2021-07-31 08:00:00,F G GARDINER XY E,LOWER JARVIS ST,Toronto and East York,43.645636,-79.370395,No Control,Clear,"Dark, artificial",Dry,Non-Fatal Injury,Rear End,Driver,50 to 54,,St Lawrence-East Bayfront-The Islands
17226,2021-07-31 08:00:00,F G GARDINER XY E,LOWER JARVIS ST,Toronto and East York,43.645636,-79.370395,No Control,Clear,"Dark, artificial",Dry,Non-Fatal Injury,Rear End,Passenger,50 to 54,,St Lawrence-East Bayfront-The Islands
17227,2021-07-31 08:00:00,F G GARDINER XY E,LOWER JARVIS ST,Toronto and East York,43.645636,-79.370395,No Control,Clear,"Dark, artificial",Dry,Non-Fatal Injury,Rear End,Passenger,15 to 19,,St Lawrence-East Bayfront-The Islands
17228,2021-08-01 08:00:00,LAKE SHORE BLVD W,BATHURST ST,Toronto and East York,43.636386,-79.399608,Traffic Signal,Clear,"Dark, artificial",Dry,Non-Fatal Injury,Angle,Driver,30 to 34,Minimal,Fort York-Liberty Village
17229,2021-08-01 08:00:00,LAKE SHORE BLVD W,BATHURST ST,Toronto and East York,43.636386,-79.399608,Traffic Signal,Clear,"Dark, artificial",Dry,Non-Fatal Injury,Angle,Driver,40 to 44,Major,Fort York-Liberty Village
17230,2021-08-01 08:00:00,LAKE SHORE BLVD W,BATHURST ST,Toronto and East York,43.636386,-79.399608,Traffic Signal,Clear,"Dark, artificial",Dry,Non-Fatal Injury,Angle,Passenger,30 to 34,Minimal,Fort York-Liberty Village
17231,2021-08-02 08:00:00,WESTON RD,ROGERS RD,Toronto and East York,43.681319,-79.476459,No Control,Clear,"Dawn, artificial",Dry,Non-Fatal Injury,Turning Movement,Driver,70 to 74,,Rockcliffe-Smythe
17232,2021-08-02 08:00:00,WESTON RD,ROGERS RD,Toronto and East York,43.681319,-79.476459,No Control,Clear,"Dawn, artificial",Dry,Non-Fatal Injury,Turning Movement,Motorcycle Driver,35 to 39,Major,Rockcliffe-Smythe
17233,2021-08-03 08:00:00,PHARMACY AVE,DANFORTH AVE,Scarborough,43.692256,-79.283344,Traffic Signal,Clear,Daylight,Dry,Non-Fatal Injury,Pedestrian Collisions,Driver,60 to 64,,Oakridge
17234,2021-08-03 08:00:00,PHARMACY AVE,DANFORTH AVE,Scarborough,43.692256,-79.283344,Traffic Signal,Clear,Daylight,Dry,Non-Fatal Injury,Pedestrian Collisions,Pedestrian,30 to 34,Major,Oakridge
17235,2021-08-04 08:00:00,SUMACH ST,WASCANA AVE,Toronto and East York,43.657763,-79.359294,No Control,Clear,"Daylight, artificial",Dry,Non-Fatal Injury,SMV Other,Driver,60 to 64,Major,Regent Park
17236,2021-08-04 08:00:00,ALLANFORD RD,SHEPPARD AVE E,Scarborough,43.782046,-79.293422,Traffic Signal,Clear,Daylight,Dry,Non-Fatal Injury,Pedestrian Collisions,Driver,45 to 49,,Tam O'Shanter-Sullivan
17237,2021-08-04 08:00:00,ALLANFORD RD,SHEPPARD AVE E,Scarborough,43.782046,-79.293422,Traffic Signal,Clear,Daylight,Dry,Non-Fatal Injury,Pedestrian Collisions,Pedestrian,25 to 29,Major,Tam O'Shanter-Sullivan
17238,2021-08-05 08:00:00,DUFFERIN ST,RANEE AVE,North York,43.721545,-79.456371,Traffic Signal,Clear,"Dark, artificial",Dry,Fatal,Turning Movement,Motorcycle Driver,15 to 19,Fatal,Yorkdale-Glen Park
17239,2021-08-05 08:00:00,DUFFERIN ST,RANEE AVE,North York,43.721545,-79.456371,Traffic Signal,Clear,"Dark, artificial",Dry,Fatal,Turning Movement,Driver,25 to 29,,Yorkdale-Glen Park
17240,2021-08-07 08:00:00,401 EB OFF RAMP,KINGSTON RD,Scarborough,43.798712,-79.145931,Traffic Signal,Clear,Dark,Dry,Non-Fatal Injury,SMV Other,Motorcycle Driver,40 to 44,Major,Centennial Scarborough
17241,2021-08-07 08:00:00,VEROBEACH BLVD,ST LUCIE DR,North York,43.73746,-79.543926,No Control,Clear,Dark,Dry,Non-Fatal Injury,SMV Unattended Vehicle,Motorcycle Driver,45 to 49,Major,Humbermede
17242,2021-08-07 08:00:00,ST CLAIR AV W,CALEDONIA RD,Toronto and East York,43.675517,-79.453922,Traffic Signal,Clear,"Dark, artificial",Dry,Non-Fatal Injury,SMV Other,Driver,40 to 44,Major,Corso Italia-Davenport
17243,2021-08-07 08:00:00,FRONT ST W,SPADINA  AVE,Toronto and East York,43.642665,-79.393886,Traffic Signal,Clear,Dark,Dry,Non-Fatal Injury,Pedestrian Collisions,Driver,35 to 39,,Harbourfront-CityPlace
17244,2021-08-07 08:00:00,FRONT ST W,SPADINA  AVE,Toronto and East York,43.642665,-79.393886,Traffic Signal,Clear,Dark,Dry,Non-Fatal Injury,Pedestrian Collisions,Pedestrian,20 to 24,Major,Harbourfront-CityPlace
17245,2021-08-10 08:00:00,ST CLAIR  AVE W,ST CLAIR GDNS,Etobicoke York,43.677432,-79.445026,Traffic Signal,Clear,Daylight,Dry,Non-Fatal Injury,Pedestrian Collisions,Driver,45 to 49,,Corso Italia-Davenport
17246,2021-08-10 08:00:00,ST CLAIR  AVE W,ST CLAIR GDNS,Etobicoke York,43.677432,-79.445026,Traffic Signal,Clear,Daylight,Dry,Non-Fatal Injury,Pedestrian Collisions,Pedestrian,55 to 59,Major,Corso Italia-Davenport
17247,2021-08-11 08:00:00,BROCK AVE,SEAFORTH AVE,Toronto and East York,43.64363,-79.433177,No Control,Clear,Daylight,Dry,Non-Fatal Injury,Pedestrian Collisions,Driver,40 to 44,,Roncesvalles
17248,2021-08-11 08:00:00,BROCK AVE,SEAFORTH AVE,Toronto and East York,43.64363,-79.433177,No Control,Clear,Daylight,Dry,Non-Fatal Injury,Pedestrian Collisions,Pedestrian,20 to 24,Major,Roncesvalles
17249,2021-08-13 08:00:00,GARDIER XWY,DVP,Toronto and East York,43.650992,-79.346561,No Control,Clear,"Dark, artificial",Dry,Non-Fatal Injury,SMV Other,Motorcycle Driver,25 to 29,Major,South Riverdale
17250,2021-08-13 08:00:00,800 BATHURST ST,,Toronto and East York,43.665507,-79.411365,No Control,Clear,"Dark, artificial",Dry,Non-Fatal Injury,Pedestrian Collisions,Driver,50 to 54,,Annex
17251,2021-08-13 08:00:00,800 BATHURST ST,,Toronto and East York,43.665507,-79.411365,No Control,Clear,"Dark, artificial",Dry,Non-Fatal Injury,Pedestrian Collisions,Pedestrian,15 to 19,Major,Annex
17252,2021-08-14 08:00:00,BLOOR ST W,EAGLE RD,Etobicoke York,43.645354,-79.520053,No Control,Clear,"Dark, artificial",Dry,Fatal,Pedestrian Collisions,Passenger,20 to 24,Fatal,Stonegate-Queensway
17253,2021-08-14 08:00:00,BLOOR ST W,EAGLE RD,Etobicoke York,43.645354,-79.520053,No Control,Clear,"Dark, artificial",Dry,Fatal,Pedestrian Collisions,Driver,20 to 24,Minor,Stonegate-Queensway
17254,2021-08-15 08:00:00,106 BEECH AVE,,Toronto and East York,43.673556,-79.287952,No Control,Clear,"Dark, artificial",Dry,Non-Fatal Injury,Cyclist Collisions,Driver,25 to 29,,The Beaches
17255,2021-08-15 08:00:00,106 BEECH AVE,,Toronto and East York,43.673556,-79.287952,No Control,Clear,"Dark, artificial",Dry,Non-Fatal Injury,Cyclist Collisions,Cyclist,55 to 59,Major,The Beaches
17256,2021-08-15 08:00:00,DON VALLEY PARKWAY  N,BAYVIEW BLOOR DVP N RAMP,Scarborough,43.690997,-79.359271,No Control,Clear,Daylight,Dry,Fatal,Rear End,Motorcycle Driver,20 to 24,Fatal,Broadview North
17257,2021-08-15 08:00:00,DON VALLEY PARKWAY  N,BAYVIEW BLOOR DVP N RAMP,Scarborough,43.690997,-79.359271,No Control,Clear,Daylight,Dry,Fatal,Rear End,Truck Driver,20 to 24,,Broadview North
17258,2021-08-15 08:00:00,DON VALLEY PARKWAY  N,BAYVIEW BLOOR DVP N RAMP,Scarborough,43.690997,-79.359271,No Control,Clear,Daylight,Dry,Fatal,Rear End,Passenger,30 to 34,,Broadview North
17259,2021-08-16 08:00:00,ISLINGTON AVE,THOROLD GT,Etobicoke York,43.762686,-79.573543,Stop Sign,Clear,Daylight,Dry,Non-Fatal Injury,Turning Movement,Driver,45 to 49,,Humber Summit
17260,2021-08-16 08:00:00,ISLINGTON AVE,THOROLD GT,Etobicoke York,43.762686,-79.573543,Stop Sign,Clear,Daylight,Dry,Non-Fatal Injury,Turning Movement,Motorcycle Driver,60 to 64,Major,Humber Summit
17261,2021-08-17 08:00:00,EGLINTON  AVE W,MARTIN GROVE RD,Etobicoke York,43.674407,-79.563129,Traffic Signal,Clear,Daylight,Dry,Non-Fatal Injury,Pedestrian Collisions,Driver,20 to 24,,Princess-Rosethorn
17262,2021-08-17 08:00:00,EGLINTON  AVE W,MARTIN GROVE RD,Etobicoke York,43.674407,-79.563129,Traffic Signal,Clear,Daylight,Dry,Non-Fatal Injury,Pedestrian Collisions,Pedestrian,70 to 74,Major,Princess-Rosethorn
17263,2021-08-17 08:00:00,CHERRY ST,FRONT ST E,North York,43.652587,-79.357951,Traffic Signal,Clear,Daylight,Dry,Non-Fatal Injury,Pedestrian Collisions,Driver,30 to 34,,St Lawrence-East Bayfront-The Islands
17264,2021-08-17 08:00:00,CHERRY ST,FRONT ST E,North York,43.652587,-79.357951,Traffic Signal,Clear,Daylight,Dry,Non-Fatal Injury,Pedestrian Collisions,Pedestrian,25 to 29,Major,St Lawrence-East Bayfront-The Islands
17265,2021-08-18 08:00:00,YONGE ST,FINCH AVE E,North York,43.779765,-79.415546,Traffic Signal,Clear,Daylight,Dry,Fatal,Pedestrian Collisions,Pedestrian,80 to 84,Fatal,Yonge-Doris
17266,2021-08-18 08:00:00,YONGE ST,FINCH AVE E,North York,43.779765,-79.415546,Traffic Signal,Clear,Daylight,Dry,Fatal,Pedestrian Collisions,,55 to 59,,Yonge-Doris
17267,2021-08-18 08:00:00,AVENUE RD,BLOOR ST W,North York,43.668646,-79.394099,No Control,Clear,Daylight,Dry,Fatal,Cyclist Collisions,Cyclist,15 to 19,Fatal,Bay-Cloverhill
17268,2021-08-18 08:00:00,AVENUE RD,BLOOR ST W,North York,43.668646,-79.394099,No Control,Clear,Daylight,Dry,Fatal,Cyclist Collisions,Truck Driver,50 to 54,,Bay-Cloverhill
17269,2021-08-18 08:00:00,KIPLING  AVE,DIXON RD,Etobicoke York,43.694178,-79.558605,Traffic Signal,Clear,"Dark, artificial",Dry,Non-Fatal Injury,Pedestrian Collisions,Driver,45 to 49,,Kingsview Village-The Westway
17270,2021-08-18 08:00:00,KIPLING  AVE,DIXON RD,Etobicoke York,43.694178,-79.558605,Traffic Signal,Clear,"Dark, artificial",Dry,Non-Fatal Injury,Pedestrian Collisions,Pedestrian,45 to 49,Major,Kingsview Village-The Westway
17271,2021-08-20 08:00:00,NEILSON RD,OAKMEADOW BLVD,Scarborough,43.79032,-79.212337,No Control,Clear,Daylight,Dry,Fatal,Pedestrian Collisions,Pedestrian,30 to 34,Fatal,Morningside
17272,2021-08-20 08:00:00,NEILSON RD,OAKMEADOW BLVD,Scarborough,43.79032,-79.212337,No Control,Clear,Daylight,Dry,Fatal,Pedestrian Collisions,Driver,50 to 54,,Morningside
17273,2021-08-21 08:00:00,MORNINGSIDE AVE,JOHN STONER DR,Scarborough,43.813929,-79.20515,No Control,Clear,"Dark, artificial",Dry,Non-Fatal Injury,SMV Other,Driver,25 to 29,Major,Morningside Heights
17274,2021-08-21 08:00:00,NANTUCKET BLVD,WICKWARE,Scarborough,43.754401,-79.273189,No Control,Clear,Daylight,Dry,Non-Fatal Injury,SMV Other,Motorcycle Driver,25 to 29,Major,Dorset Park
17275,2021-08-22 08:00:00,CALEDONIA RD,LOTHERTON PTWY,North York,43.705851,-79.465106,No Control,Clear,Daylight,Dry,Fatal,Turning Movement,Motorcycle Driver,35 to 39,Fatal,Yorkdale-Glen Park
17276,2021-08-22 08:00:00,CALEDONIA RD,LOTHERTON PTWY,North York,43.705851,-79.465106,No Control,Clear,Daylight,Dry,Fatal,Turning Movement,Driver,60 to 64,,Yorkdale-Glen Park
17277,2021-08-22 08:00:00,MARTIN GROVE RD,Near TOLLINGTON RD,Etobicoke York,43.686652,-79.568607,No Control,Clear,Daylight,Dry,Non-Fatal Injury,Turning Movement,Driver,15 to 19,Minor,Willowridge-Martingrove-Richview
17278,2021-08-22 08:00:00,MARTIN GROVE RD,Near TOLLINGTON RD,Etobicoke York,43.686652,-79.568607,No Control,Clear,Daylight,Dry,Non-Fatal Injury,Turning Movement,Driver,30 to 34,Minimal,Willowridge-Martingrove-Richview
17279,2021-08-22 08:00:00,MARTIN GROVE RD,Near TOLLINGTON RD,Etobicoke York,43.686652,-79.568607,No Control,Clear,Daylight,Dry,Non-Fatal Injury,Turning Movement,Passenger,15 to 19,Minimal,Willowridge-Martingrove-Richview
17280,2021-08-22 08:00:00,MARTIN GROVE RD,Near TOLLINGTON RD,Etobicoke York,43.686652,-79.568607,No Control,Clear,Daylight,Dry,Non-Fatal Injury,Turning Movement,Passenger,15 to 19,Major,Willowridge-Martingrove-Richview
17281,2021-08-22 08:00:00,MARTIN GROVE RD,Near TOLLINGTON RD,Etobicoke York,43.686652,-79.568607,No Control,Clear,Daylight,Dry,Non-Fatal Injury,Turning Movement,Passenger,15 to 19,Major,Willowridge-Martingrove-Richview
17282,2021-08-22 08:00:00,MARTIN GROVE RD,Near TOLLINGTON RD,Etobicoke York,43.686652,-79.568607,No Control,Clear,Daylight,Dry,Non-Fatal Injury,Turning Movement,Passenger,15 to 19,Minimal,Willowridge-Martingrove-Richview
17283,2021-08-22 08:00:00,MARTIN GROVE RD,Near TOLLINGTON RD,Etobicoke York,43.686652,-79.568607,No Control,Clear,Daylight,Dry,Non-Fatal Injury,Turning Movement,Passenger,30 to 34,,Willowridge-Martingrove-Richview
17284,2021-08-22 08:00:00,MARTIN GROVE RD,Near TOLLINGTON RD,Etobicoke York,43.686652,-79.568607,No Control,Clear,Daylight,Dry,Non-Fatal Injury,Turning Movement,Passenger,0 to 4,,Willowridge-Martingrove-Richview
17285,2021-08-23 08:00:00,LAKE SHORE BV W,LOWER SIMCOE ST,Toronto and East York,43.640597,-79.383136,Traffic Signal,Clear,"Dark, artificial",Dry,Non-Fatal Injury,Turning Movement,Driver,65 to 69,Minor,Harbourfront-CityPlace
17286,2021-08-23 08:00:00,LAKE SHORE BV W,LOWER SIMCOE ST,Toronto and East York,43.640597,-79.383136,Traffic Signal,Clear,"Dark, artificial",Dry,Non-Fatal Injury,Turning Movement,Driver,20 to 24,Major,Harbourfront-CityPlace
17287,2021-08-23 08:00:00,LAKE SHORE BV W,LOWER SIMCOE ST,Toronto and East York,43.640597,-79.383136,Traffic Signal,Clear,"Dark, artificial",Dry,Non-Fatal Injury,Turning Movement,Passenger,20 to 24,Major,Harbourfront-CityPlace
17288,2021-08-24 08:00:00,5 FAIRVIEW MALL DR,,North York,43.779162,-79.34782,No Control,Clear,Daylight,Dry,Fatal,Pedestrian Collisions,Driver,40 to 44,,Don Valley Village
17289,2021-08-24 08:00:00,5 FAIRVIEW MALL DR,,North York,43.779162,-79.34782,No Control,Clear,Daylight,Dry,Fatal,Pedestrian Collisions,Pedestrian,85 to 89,Fatal,Don Valley Village
17290,2021-08-24 08:00:00,NIPIGON AV,DUMONT ST,North York,43.797778,-79.416728,Stop Sign,Clear,Daylight,Dry,Non-Fatal Injury,SMV Other,Driver,50 to 54,Major,Newtonbrook East
17291,2021-08-25 08:00:00,345 ADELAIDE ST W,,Toronto and East York,43.647055,-79.393703,No Control,Clear,Daylight,Dry,Non-Fatal Injury,Cyclist Collisions,Driver,25 to 29,,Wellington Place
17292,2021-08-25 08:00:00,345 ADELAIDE ST W,,Toronto and East York,43.647055,-79.393703,No Control,Clear,Daylight,Dry,Non-Fatal Injury,Cyclist Collisions,Cyclist,25 to 29,Major,Wellington Place