,DATE,STREET1,STREET2,DISTRICT,LATITUDE,LONGITUDE,TRAFFCTL,VISIBILITY,LIGHT,RDSFCOND,ACCLASS,IMPACTYPE,INVTYPE,INVAGE,INJURY,NEIGHBOURHOOD_158
17293,2021-08-26 08:00:00,HARBOUR ST,YORK ST,Toronto and East York,43.640933,-79.380649,Traffic Signal,Clear,"Dark, artificial",Dry,Fatal,Pedestrian Collisions,Pedestrian,25 to 29,Fatal,St Lawrence-East Bayfront-The Islands
17294,2021-08-26 08:00:00,HARBOUR ST,YORK ST,Toronto and East York,43.640933,-79.380649,Traffic Signal,Clear,"Dark, artificial",Dry,Fatal,Pedestrian Collisions,Driver,45 to 49,,St Lawrence-East Bayfront-The Islands
17295,2021-08-27 08:00:00,QUEENS QUAY WEST,BATHURST ST,Toronto and East York,43.6356,-79.398326,Traffic Signal,Clear,Daylight,Dry,Fatal,Pedestrian Collisions,Pedestrian,85 to 89,Fatal,Fort York-Liberty Village
17296,2021-08-27 08:00:00,QUEENS QUAY WEST,BATHURST ST,Toronto and East York,43.6356,-79.398326,Traffic Signal,Clear,Daylight,Dry,Fatal,Pedestrian Collisions,Driver,30 to 34,,Fort York-Liberty Village
17297,2021-08-28 08:00:00,YORE RD,KEELE ST,Etobicoke York,43.691775,-79.474246,No Control,Clear,"Dark, artificial",Dry,Non-Fatal Injury,SMV Other,Motorcycle Driver,15 to 19,Major,Beechborough-Greenbrook
17298,2021-08-28 08:00:00,YORE RD,KEELE ST,Etobicoke York,43.691775,-79.474246,No Control,Clear,"Dark, artificial",Dry,Non-Fatal Injury,SMV Other,Motorcycle Passenger,unknown,Minor,Beechborough-Greenbrook
17299,2021-08-29 08:00:00,JANE ST,SHEPPARD AVE,North York,43.739371,-79.513194,Traffic Signal,Clear,Daylight,Dry,Non-Fatal Injury,Turning Movement,Driver,55 to 59,,Glenfield-Jane Heights
17300,2021-08-29 08:00:00,JANE ST,SHEPPARD AVE,North York,43.739371,-79.513194,Traffic Signal,Clear,Daylight,Dry,Non-Fatal Injury,Turning Movement,Motorcycle Driver,25 to 29,Major,Glenfield-Jane Heights
17301,2021-08-29 08:00:00,JANE ST,SHEPPARD AVE,North York,43.739371,-79.513194,Traffic Signal,Clear,Daylight,Dry,Non-Fatal Injury,Turning Movement,Passenger,50 to 54,,Glenfield-Jane Heights
17302,2021-08-30 08:00:00,BLOOR ST W,DORVAL RD,Toronto and East York,43.655696,-79.454929,No Control,Clear,"Dusk, artificial",Dry,Fatal,Sideswipe,Motorcycle Driver,30 to 34,Fatal,High Park-Swansea
17303,2021-08-30 08:00:00,BLOOR ST W,DORVAL RD,Toronto and East York,43.655696,-79.454929,No Control,Clear,"Dusk, artificial",Dry,Fatal,Sideswipe,Driver,55 to 59,,High Park-Swansea
17304,2021-08-31 08:00:00,VICTORIA PARK AV,MUSGRAVE ST,North York,43.687888,-79.286968,Traffic Signal,Clear,Daylight,Dry,Non-Fatal Injury,SMV Other,Driver,80 to 84,,Birchcliffe-Cliffside
17305,2021-08-31 08:00:00,VICTORIA PARK AV,MUSGRAVE ST,North York,43.687888,-79.286968,Traffic Signal,Clear,Daylight,Dry,Non-Fatal Injury,SMV Other,Pedestrian,65 to 69,Major,Birchcliffe-Cliffside
17306,2021-08-31 08:00:00,GRAND AVE,MANITOBA ST,,43.624331,-79.494861,No Control,Clear,Daylight,Dry,Non-Fatal Injury,Sideswipe,Truck Driver,unknown,,Mimico-Queensway
17307,2021-08-31 08:00:00,GRAND AVE,MANITOBA ST,,43.624331,-79.494861,No Control,Clear,Daylight,Dry,Non-Fatal Injury,Sideswipe,Driver,65 to 69,,Mimico-Queensway
17308,2021-08-31 08:00:00,GRAND AVE,MANITOBA ST,,43.624331,-79.494861,No Control,Clear,Daylight,Dry,Non-Fatal Injury,Sideswipe,Motorcycle Driver,25 to 29,Major,Mimico-Queensway
17309,2021-08-31 08:00:00,FERN AVE,WESTON RD,North York,43.702304,-79.523746,Traffic Signal,Clear,Daylight,Dry,Non-Fatal Injury,Pedestrian Collisions,Driver,60 to 64,,Weston
17310,2021-08-31 08:00:00,FERN AVE,WESTON RD,North York,43.702304,-79.523746,Traffic Signal,Clear,Daylight,Dry,Non-Fatal Injury,Pedestrian Collisions,Pedestrian,75 to 79,Major,Weston
17311,2021-08-31 08:00:00,723 PAPE AVE,,Toronto and East York,43.679221,-79.344951,No Control,Clear,Daylight,Dry,Non-Fatal Injury,Cyclist Collisions,Driver,30 to 34,,Danforth
17312,2021-08-31 08:00:00,723 PAPE AVE,,Toronto and East York,43.679221,-79.344951,No Control,Clear,Daylight,Dry,Non-Fatal Injury,Cyclist Collisions,Cyclist,40 to 44,Major,Danforth
17313,2021-09-01 08:00:00,COXWELL AVE,GERRARD ST E,Toronto and East York,43.67525,-79.320316,Traffic Signal,Clear,Daylight,Dry,Fatal,Other,Passenger,85 to 89,Fatal,Greenwood-Coxwell
17314,2021-09-01 08:00:00,COXWELL AVE,GERRARD ST E,Toronto and East York,43.67525,-79.320316,Traffic Signal,Clear,Daylight,Dry,Fatal,Other,Driver,60 to 64,,Greenwood-Coxwell
17315,2021-09-02 08:00:00,LAKE SHORE BLVD E,LESLIE ST,Toronto and East York,43.659159,-79.328403,Traffic Signal,Clear,Daylight,Dry,Non-Fatal Injury,Cyclist Collisions,Driver,75 to 79,,South Riverdale
17316,2021-09-02 08:00:00,LAKE SHORE BLVD E,LESLIE ST,Toronto and East York,43.659159,-79.328403,Traffic Signal,Clear,Daylight,Dry,Non-Fatal Injury,Cyclist Collisions,Cyclist,50 to 54,Major,South Riverdale
17317,2021-09-03 08:00:00,COLLEGE ST,UNIVERSITY AVE,Toronto and East York,43.659785,-79.390453,Traffic Signal,Clear,Daylight,Dry,Fatal,Turning Movement,Motorcycle Driver,20 to 24,Fatal,Yonge-Bay Corridor
17318,2021-09-03 08:00:00,COLLEGE ST,UNIVERSITY AVE,Toronto and East York,43.659785,-79.390453,Traffic Signal,Clear,Daylight,Dry,Fatal,Turning Movement,Driver,30 to 34,Minimal,Yonge-Bay Corridor
17319,2021-09-04 08:00:00,LAWRENCE AVE E,BRIMLEY RD,Scarborough,43.753459,-79.255496,Traffic Signal,Clear,Daylight,Dry,Non-Fatal Injury,Turning Movement,Driver,35 to 39,,Bendale South
17320,2021-09-04 08:00:00,LAWRENCE AVE E,BRIMLEY RD,Scarborough,43.753459,-79.255496,Traffic Signal,Clear,Daylight,Dry,Non-Fatal Injury,Turning Movement,Driver,25 to 29,Major,Bendale South
17321,2021-09-07 08:00:00,HORNER AV,ALDERCREST RD,Etobicoke York,43.602839,-79.539798,No Control,Clear,"Dark, artificial",Dry,Non-Fatal Injury,Rear End,Driver,20 to 24,Minor,Alderwood
17322,2021-09-07 08:00:00,HORNER AV,ALDERCREST RD,Etobicoke York,43.602839,-79.539798,No Control,Clear,"Dark, artificial",Dry,Non-Fatal Injury,Rear End,Truck Driver,70 to 74,,Alderwood
17323,2021-09-07 08:00:00,HORNER AV,ALDERCREST RD,Etobicoke York,43.602839,-79.539798,No Control,Clear,"Dark, artificial",Dry,Non-Fatal Injury,Rear End,Passenger,25 to 29,Major,Alderwood
17324,2021-09-10 08:00:00,GERRARD ST E,YONGE  ST,Toronto and East York,43.659201,-79.381183,No Control,Clear,"Dark, artificial",Dry,Non-Fatal Injury,Cyclist Collisions,Driver,25 to 29,,Downtown Yonge East
17325,2021-09-10 08:00:00,GERRARD ST E,YONGE  ST,Toronto and East York,43.659201,-79.381183,No Control,Clear,"Dark, artificial",Dry,Non-Fatal Injury,Cyclist Collisions,Cyclist,30 to 34,Major,Downtown Yonge East
17326,2021-09-10 08:00:00,GERRARD ST E,YONGE  ST,Toronto and East York,43.659201,-79.381183,No Control,Clear,"Dark, artificial",Dry,Non-Fatal Injury,Cyclist Collisions,Passenger,20 to 24,,Downtown Yonge East
17327,2021-09-12 08:00:00,BLOOR ST W,CHARLESTON RD,Etobicoke York,43.63935,-79.546191,Stop Sign,Clear,Daylight,Dry,Non-Fatal Injury,Turning Movement,Driver,90 to 94,Major,Islington
17328,2021-09-12 08:00:00,BLOOR ST W,CHARLESTON RD,Etobicoke York,43.63935,-79.546191,Stop Sign,Clear,Daylight,Dry,Non-Fatal Injury,Turning Movement,Driver,45 to 49,Minimal,Islington
17329,2021-09-12 08:00:00,BLOOR ST W,CHARLESTON RD,Etobicoke York,43.63935,-79.546191,Stop Sign,Clear,Daylight,Dry,Non-Fatal Injury,Turning Movement,Passenger,15 to 19,,Islington
17330,2021-09-12 08:00:00,BLOOR ST W,CHARLESTON RD,Etobicoke York,43.63935,-79.546191,Stop Sign,Clear,Daylight,Dry,Non-Fatal Injury,Turning Movement,Passenger,10 to 14,,Islington
17331,2021-09-18 08:00:00,LAWRENCE AVE  W,WESTON RD,Etobicoke York,43.700087,-79.516155,Traffic Signal,Clear,Daylight,Dry,Fatal,Turning Movement,Driver,60 to 64,,Weston
17332,2021-09-18 08:00:00,LAWRENCE AVE  W,WESTON RD,Etobicoke York,43.700087,-79.516155,Traffic Signal,Clear,Daylight,Dry,Fatal,Turning Movement,Motorcycle Driver,45 to 49,Fatal,Weston
17333,2021-09-18 08:00:00,SHEPPARD AVE E,NEILSON RD,Scarborough,43.798037,-79.217922,Traffic Signal,Clear,"Dark, artificial",Dry,Non-Fatal Injury,Turning Movement,Driver,25 to 29,,Malvern East
17334,2021-09-18 08:00:00,SHEPPARD AVE E,NEILSON RD,Scarborough,43.798037,-79.217922,Traffic Signal,Clear,"Dark, artificial",Dry,Non-Fatal Injury,Turning Movement,Motorcycle Driver,35 to 39,Major,Malvern East
17335,2021-09-18 08:00:00,SHEPPARD AVE E,NEILSON RD,Scarborough,43.798037,-79.217922,Traffic Signal,Clear,"Dark, artificial",Dry,Non-Fatal Injury,Turning Movement,Other,25 to 29,,Malvern East
17336,2021-09-18 08:00:00,MANITOBA  DR,CANADA  BLVD,Toronto and East York,43.636153,-79.410335,No Control,Clear,"Dark, artificial",Dry,Non-Fatal Injury,Pedestrian Collisions,Driver,55 to 59,,Fort York-Liberty Village
17337,2021-09-18 08:00:00,MANITOBA  DR,CANADA  BLVD,Toronto and East York,43.636153,-79.410335,No Control,Clear,"Dark, artificial",Dry,Non-Fatal Injury,Pedestrian Collisions,Pedestrian,25 to 29,Major,Fort York-Liberty Village
17338,2021-09-20 08:00:00,VICTORIA PARK AVE,SHEPPARD AVE E,North York,43.775172,-79.322978,Traffic Signal,Clear,Daylight,Dry,Fatal,Pedestrian Collisions,Driver,35 to 39,Minor,Tam O'Shanter-Sullivan
17339,2021-09-20 08:00:00,VICTORIA PARK AVE,SHEPPARD AVE E,North York,43.775172,-79.322978,Traffic Signal,Clear,Daylight,Dry,Fatal,Pedestrian Collisions,Driver,55 to 59,Minor,Tam O'Shanter-Sullivan
17340,2021-09-20 08:00:00,VICTORIA PARK AVE,SHEPPARD AVE E,North York,43.775172,-79.322978,Traffic Signal,Clear,Daylight,Dry,Fatal,Pedestrian Collisions,Pedestrian,70 to 74,Fatal,Tam O'Shanter-Sullivan
17341,2021-09-22 08:00:00,DAVENPORT  RD,BELMONT ST,Toronto and East York,43.674636,-79.392879,Traffic Signal,Rain,"Dark, artificial",Wet,Non-Fatal Injury,Pedestrian Collisions,Driver,75 to 79,,Annex
17342,2021-09-22 08:00:00,DAVENPORT  RD,BELMONT ST,Toronto and East York,43.674636,-79.392879,Traffic Signal,Rain,"Dark, artificial",Wet,Non-Fatal Injury,Pedestrian Collisions,Pedestrian,20 to 24,Major,Annex
17343,2021-09-24 08:00:00,DUNDAS ST W,PRINCE EDWARD DR N,Etobicoke York,43.660559,-79.510417,Traffic Signal,Clear,Daylight,Dry,Non-Fatal Injury,Pedestrian Collisions,Driver,40 to 44,,Kingsway South
17344,2021-09-24 08:00:00,DUNDAS ST W,PRINCE EDWARD DR N,Etobicoke York,43.660559,-79.510417,Traffic Signal,Clear,Daylight,Dry,Non-Fatal Injury,Pedestrian Collisions,Pedestrian,10 to 14,Major,Kingsway South
17345,2021-09-26 08:00:00,KINGSTON RD,HAREWOOD AVE,Scarborough,43.722644,-79.235164,No Control,Clear,"Dark, artificial",Dry,Non-Fatal Injury,Pedestrian Collisions,Driver,40 to 44,,Cliffcrest
17346,2021-09-26 08:00:00,KINGSTON RD,HAREWOOD AVE,Scarborough,43.722644,-79.235164,No Control,Clear,"Dark, artificial",Dry,Non-Fatal Injury,Pedestrian Collisions,Pedestrian,35 to 39,Major,Cliffcrest
17347,2021-09-29 08:00:00,LAWRENCE AVE E,ORTON PARK RD,Scarborough,43.763976,-79.205592,Traffic Signal,Clear,Dark,Dry,Non-Fatal Injury,Pedestrian Collisions,Driver,30 to 34,,Golfdale-Cedarbrae-Woburn
17348,2021-09-29 08:00:00,LAWRENCE AVE E,ORTON PARK RD,Scarborough,43.763976,-79.205592,Traffic Signal,Clear,Dark,Dry,Non-Fatal Injury,Pedestrian Collisions,Pedestrian,50 to 54,Major,Golfdale-Cedarbrae-Woburn
17349,2021-09-29 08:00:00,FINCH AVE W,YONGE ST,North York,43.779452,-79.416644,No Control,Clear,Daylight,Dry,Non-Fatal Injury,Pedestrian Collisions,Driver,30 to 34,,Willowdale West
17350,2021-09-29 08:00:00,FINCH AVE W,YONGE ST,North York,43.779452,-79.416644,No Control,Clear,Daylight,Dry,Non-Fatal Injury,Pedestrian Collisions,Pedestrian,80 to 84,Major,Willowdale West
17351,2021-09-29 08:00:00,FINCH AVE W,YONGE ST,North York,43.779452,-79.416644,No Control,Clear,Daylight,Dry,Non-Fatal Injury,Pedestrian Collisions,Pedestrian,65 to 69,Minor,Willowdale West
17352,2021-09-30 08:00:00,AVENUE RD,EGLINTON AVE W,North York,43.704535,-79.408565,Traffic Controller,Clear,"Daylight, artificial",Dry,Non-Fatal Injury,Turning Movement,Driver,20 to 24,,Yonge-Eglinton
17353,2021-09-30 08:00:00,AVENUE RD,EGLINTON AVE W,North York,43.704535,-79.408565,Traffic Controller,Clear,"Daylight, artificial",Dry,Non-Fatal Injury,Turning Movement,Motorcycle Driver,55 to 59,Major,Yonge-Eglinton
17354,2021-09-30 08:00:00,AVENUE RD,EGLINTON AVE W,North York,43.704535,-79.408565,Traffic Controller,Clear,"Daylight, artificial",Dry,Non-Fatal Injury,Turning Movement,Passenger,20 to 24,,Yonge-Eglinton
17355,2021-10-01 08:00:00,EGLINTON AVE E,MIDLAND AVE,Scarborough,43.734458,-79.258067,Traffic Signal,Clear,Dark,Dry,Fatal,Pedestrian Collisions,Pedestrian,45 to 49,Fatal,Kennedy Park
17356,2021-10-01 08:00:00,EGLINTON AVE E,MIDLAND AVE,Scarborough,43.734458,-79.258067,Traffic Signal,Clear,Dark,Dry,Fatal,Pedestrian Collisions,Driver,25 to 29,,Kennedy Park
17357,2021-10-01 08:00:00,EGLINTON AVE E,MIDLAND AVE,Scarborough,43.734458,-79.258067,Traffic Signal,Clear,Dark,Dry,Fatal,Pedestrian Collisions,Passenger,20 to 24,,Kennedy Park
17358,2021-10-03 08:00:00,F G GARDINER XY  E,ISLINGTON AVE,Etobicoke York,43.621237,-79.5078,No Control,Clear,Dark,Dry,Fatal,Rear End,Passenger,55 to 59,Fatal,Mimico-Queensway
17359,2021-10-03 08:00:00,F G GARDINER XY  E,ISLINGTON AVE,Etobicoke York,43.621237,-79.5078,No Control,Clear,Dark,Dry,Fatal,Rear End,Driver,60 to 64,Minor,Mimico-Queensway
17360,2021-10-03 08:00:00,F G GARDINER XY  E,ISLINGTON AVE,Etobicoke York,43.621237,-79.5078,No Control,Clear,Dark,Dry,Fatal,Rear End,Driver,30 to 34,,Mimico-Queensway
17361,2021-10-03 08:00:00,477 DUNDAS ST W,,Toronto and East York,43.653033,-79.39722,No Control,Rain,"Dark, artificial",Wet,Non-Fatal Injury,Pedestrian Collisions,Driver,70 to 74,,Kensington-Chinatown
17362,2021-10-03 08:00:00,477 DUNDAS ST W,,Toronto and East York,43.653033,-79.39722,No Control,Rain,"Dark, artificial",Wet,Non-Fatal Injury,Pedestrian Collisions,Pedestrian,70 to 74,Major,Kensington-Chinatown
17363,2021-10-04 08:00:00,BAYVIEW AVE,CUMMER  AVE,North York,43.792227,-79.393558,Traffic Signal,Clear,Daylight,Wet,Non-Fatal Injury,Pedestrian Collisions,Driver,70 to 74,,Bayview Woods-Steeles
17364,2021-10-04 08:00:00,BAYVIEW AVE,CUMMER  AVE,North York,43.792227,-79.393558,Traffic Signal,Clear,Daylight,Wet,Non-Fatal Injury,Pedestrian Collisions,Pedestrian,75 to 79,Major,Bayview Woods-Steeles
17365,2021-10-05 08:00:00,755 OAKDALE ROAD (WESTVIEW CENTENN,OAKDALE ROAD,North York,43.752391,-79.526531,Traffic Signal,Clear,"Daylight, artificial",Dry,Non-Fatal Injury,Turning Movement,Driver,15 to 19,Major,Glenfield-Jane Heights
17366,2021-10-05 08:00:00,755 OAKDALE ROAD (WESTVIEW CENTENN,OAKDALE ROAD,North York,43.752391,-79.526531,Traffic Signal,Clear,"Daylight, artificial",Dry,Non-Fatal Injury,Turning Movement,Driver,70 to 74,Major,Glenfield-Jane Heights
17367,2021-10-07 08:00:00,DISCO RD,120,Etobicoke York,43.699618,-79.601978,No Control,Clear,Daylight,Dry,Non-Fatal Injury,Turning Movement,Driver,35 to 39,,West Humber-Clairville
17368,2021-10-07 08:00:00,DISCO RD,120,Etobicoke York,43.699618,-79.601978,No Control,Clear,Daylight,Dry,Non-Fatal Injury,Turning Movement,Motorcycle Driver,25 to 29,Major,West Humber-Clairville
17369,2021-10-07 08:00:00,LAKE SHORE BV E,DON RY,Toronto and East York,43.650729,-79.347492,No Control,Clear,Daylight,Dry,Non-Fatal Injury,SMV Other,Driver,45 to 49,Major,St Lawrence-East Bayfront-The Islands
17370,2021-10-08 08:00:00,WELLINGTON ST W,UNIVERSITY  AVE,Toronto and East York,43.646311,-79.384059,Traffic Signal,Clear,Daylight,Dry,Non-Fatal Injury,Pedestrian Collisions,Driver,unknown,,Yonge-Bay Corridor
17371,2021-10-08 08:00:00,WELLINGTON ST W,UNIVERSITY  AVE,Toronto and East York,43.646311,-79.384059,Traffic Signal,Clear,Daylight,Dry,Non-Fatal Injury,Pedestrian Collisions,Pedestrian,35 to 39,Major,Yonge-Bay Corridor
17372,2021-10-11 08:00:00,VALLEY WOODS RD,YORK MILLS RD,Toronto and East York,43.757868,-79.333652,No Control,Clear,Daylight,Dry,Non-Fatal Injury,SMV Other,Motorcycle Driver,35 to 39,Major,Fenside-Parkwoods
17373,2021-10-11 08:00:00,Bayview Avenue,Rosedale Valley Road,,43.662887,-79.356792,No Control,Clear,Dark,Dry,Non-Fatal Injury,Approaching,Motorcycle Driver,55 to 59,Major,Regent Park
17374,2021-10-11 08:00:00,Bayview Avenue,Rosedale Valley Road,,43.662887,-79.356792,No Control,Clear,Dark,Dry,Non-Fatal Injury,Approaching,Driver,25 to 29,,Regent Park
17375,2021-10-12 08:00:00,LAWRENCE  AVE W,DUPLEX AVE,North York,43.723941,-79.407329,No Control,Clear,Daylight,Dry,Non-Fatal Injury,Pedestrian Collisions,Driver,40 to 44,,Lawrence Park South
17376,2021-10-12 08:00:00,LAWRENCE  AVE W,DUPLEX AVE,North York,43.723941,-79.407329,No Control,Clear,Daylight,Dry,Non-Fatal Injury,Pedestrian Collisions,Pedestrian,85 to 89,Major,Lawrence Park South
17377,2021-10-12 08:00:00,PARKSIDE DR,SPRING RD,Scarborough,43.640914,-79.454616,Traffic Signal,Clear,Daylight,Dry,Fatal,Rear End,Passenger,70 to 74,,High Park-Swansea
17378,2021-10-12 08:00:00,PARKSIDE DR,SPRING RD,Scarborough,43.640914,-79.454616,Traffic Signal,Clear,Daylight,Dry,Fatal,Rear End,Passenger,65 to 69,Fatal,High Park-Swansea
17379,2021-10-12 08:00:00,PARKSIDE DR,SPRING RD,Scarborough,43.640914,-79.454616,Traffic Signal,Clear,Daylight,Dry,Fatal,Rear End,Driver,50 to 54,,High Park-Swansea
17380,2021-10-12 08:00:00,PARKSIDE DR,SPRING RD,Scarborough,43.640914,-79.454616,Traffic Signal,Clear,Daylight,Dry,Fatal,Rear End,Driver,35 to 39,Major,High Park-Swansea
17381,2021-10-12 08:00:00,PARKSIDE DR,SPRING RD,Scarborough,43.640914,-79.454616,Traffic Signal,Clear,Daylight,Dry,Fatal,Rear End,Driver,70 to 74,Minor,High Park-Swansea
17382,2021-10-12 08:00:00,PARKSIDE DR,SPRING RD,Scarborough,43.640914,-79.454616,Traffic Signal,Clear,Daylight,Dry,Fatal,Rear End,Passenger,70 to 74,Minor,High Park-Swansea
17383,2021-10-12 08:00:00,PARKSIDE DR,SPRING RD,Scarborough,43.640914,-79.454616,Traffic Signal,Clear,Daylight,Dry,Fatal,Rear End,Driver,55 to 59,,High Park-Swansea
17384,2021-10-12 08:00:00,PARKSIDE DR,SPRING RD,Scarborough,43.640914,-79.454616,Traffic Signal,Clear,Daylight,Dry,Fatal,Rear End,Driver,70 to 74,Fatal,High Park-Swansea
17385,2021-10-12 08:00:00,40 FARNSWORTH DR,FARNSWORTH DR,North York,43.711093,-79.514713,No Control,Clear,"Dark, artificial",Dry,Non-Fatal Injury,SMV Other,Driver,40 to 44,Major,Pelmo Park-Humberlea
17386,2021-10-13 08:00:00,KINGSTON RD,#4351,Scarborough,43.764983,-79.192058,No Control,Clear,Daylight,Dry,Non-Fatal Injury,Turning Movement,Driver,65 to 69,,West Hill
17387,2021-10-13 08:00:00,KINGSTON RD,#4351,Scarborough,43.764983,-79.192058,No Control,Clear,Daylight,Dry,Non-Fatal Injury,Turning Movement,Motorcycle Driver,45 to 49,Major,West Hill
17388,2021-10-13 08:00:00,DON MILLS RD,THE DONWAY  W,North York,43.73189,-79.342868,No Control,Clear,"Dark, artificial",Dry,Fatal,Pedestrian Collisions,Pedestrian,60 to 64,Fatal,Banbury-Don Mills
17389,2021-10-13 08:00:00,DON MILLS RD,THE DONWAY  W,North York,43.73189,-79.342868,No Control,Clear,"Dark, artificial",Dry,Fatal,Pedestrian Collisions,Driver,35 to 39,,Banbury-Don Mills
17390,2021-10-13 08:00:00,DON MILLS RD,THE DONWAY  W,North York,43.73189,-79.342868,No Control,Clear,"Dark, artificial",Dry,Fatal,Pedestrian Collisions,Passenger,5 to 9,,Banbury-Don Mills
17391,2021-10-13 08:00:00,DON MILLS RD,THE DONWAY  W,North York,43.73189,-79.342868,No Control,Clear,"Dark, artificial",Dry,Fatal,Pedestrian Collisions,Passenger,5 to 9,,Banbury-Don Mills
17392,2021-10-15 08:00:00,BURNHAMTHORPE RD,SHAVER AVE N,Etobicoke York,43.648104,-79.551654,Stop Sign,Clear,Daylight,Dry,Fatal,Angle,Driver,55 to 59,Fatal,Islington
17393,2021-10-15 08:00:00,BURNHAMTHORPE RD,SHAVER AVE N,Etobicoke York,43.648104,-79.551654,Stop Sign,Clear,Daylight,Dry,Fatal,Angle,Driver,20 to 24,Minor,Islington
17394,2021-10-15 08:00:00,RICHMOND ST W,DUNCAN  ST,Toronto and East York,43.649382,-79.38914,Traffic Signal,Clear,Daylight,Dry,Non-Fatal Injury,Pedestrian Collisions,Driver,20 to 24,,Wellington Place
17395,2021-10-15 08:00:00,RICHMOND ST W,DUNCAN  ST,Toronto and East York,43.649382,-79.38914,Traffic Signal,Clear,Daylight,Dry,Non-Fatal Injury,Pedestrian Collisions,Pedestrian,55 to 59,Major,Wellington Place
17396,2021-10-16 08:00:00,BAY  ST,CUMBERLAND ST,Toronto and East York,43.670489,-79.389804,Traffic Signal,Clear,"Dark, artificial",Dry,Non-Fatal Injury,Pedestrian Collisions,Driver,unknown,,Annex
17397,2021-10-16 08:00:00,BAY  ST,CUMBERLAND ST,Toronto and East York,43.670489,-79.389804,Traffic Signal,Clear,"Dark, artificial",Dry,Non-Fatal Injury,Pedestrian Collisions,Pedestrian,20 to 24,Major,Annex
17398,2021-10-18 08:00:00,MCCOWAN RD,FINCH  AVE E,Scarborough,43.808722,-79.26675,No Control,Clear,Daylight,Dry,Non-Fatal Injury,Rear End,Driver,60 to 64,Major,Agincourt North
17399,2021-10-18 08:00:00,MCCOWAN RD,FINCH  AVE E,Scarborough,43.808722,-79.26675,No Control,Clear,Daylight,Dry,Non-Fatal Injury,Rear End,Driver,55 to 59,Minimal,Agincourt North
17400,2021-10-19 08:00:00,DANFORTH AVE,BIRCHMOUNT RD,Scarborough,43.696921,-79.263965,Traffic Signal,Clear,Daylight,Dry,Fatal,Pedestrian Collisions,Pedestrian,15 to 19,Fatal,Birchcliffe-Cliffside
17401,2021-10-19 08:00:00,DANFORTH AVE,BIRCHMOUNT RD,Scarborough,43.696921,-79.263965,Traffic Signal,Clear,Daylight,Dry,Fatal,Pedestrian Collisions,Driver,40 to 44,,Birchcliffe-Cliffside
17402,2021-10-19 08:00:00,O CONNOR DR,PEPLER AVE,Toronto and East York,43.693316,-79.349239,No Control,Clear,"Dark, artificial",Dry,Fatal,Pedestrian Collisions,Driver,80 to 84,,Old East York
17403,2021-10-19 08:00:00,O CONNOR DR,PEPLER AVE,Toronto and East York,43.693316,-79.349239,No Control,Clear,"Dark, artificial",Dry,Fatal,Pedestrian Collisions,Driver,40 to 44,,Old East York
17404,2021-10-19 08:00:00,O CONNOR DR,PEPLER AVE,Toronto and East York,43.693316,-79.349239,No Control,Clear,"Dark, artificial",Dry,Fatal,Pedestrian Collisions,Pedestrian,80 to 84,Fatal,Old East York
17405,2021-10-20 08:00:00,LAWRENCE AVE EAST,GREENHOLM CRCT,Scarborough,43.760295,-79.222736,Traffic Signal,Clear,"Dark, artificial",Dry,Non-Fatal Injury,Turning Movement,Driver,20 to 24,Major,Golfdale-Cedarbrae-Woburn
17406,2021-10-20 08:00:00,LAWRENCE AVE EAST,GREENHOLM CRCT,Scarborough,43.760295,-79.222736,Traffic Signal,Clear,"Dark, artificial",Dry,Non-Fatal Injury,Turning Movement,Driver,25 to 29,Minimal,Golfdale-Cedarbrae-Woburn
17407,2021-10-20 08:00:00,LAWRENCE AVE EAST,GREENHOLM CRCT,Scarborough,43.760295,-79.222736,Traffic Signal,Clear,"Dark, artificial",Dry,Non-Fatal Injury,Turning Movement,Passenger,15 to 19,,Golfdale-Cedarbrae-Woburn
17408,2021-10-21 08:00:00,MCCOWAN RD,EGLINTON AVE E,Scarborough,43.73878,-79.238323,Traffic Signal,Rain,"Dark, artificial",Wet,Non-Fatal Injury,Pedestrian Collisions,Driver,45 to 49,,Eglinton East
17409,2021-10-21 08:00:00,MCCOWAN RD,EGLINTON AVE E,Scarborough,43.73878,-79.238323,Traffic Signal,Rain,"Dark, artificial",Wet,Non-Fatal Injury,Pedestrian Collisions,Pedestrian,20 to 24,Major,Eglinton East
17410,2021-10-22 08:00:00,WILSON AV,ALLINGHAM GS,North York,43.735579,-79.442638,Traffic Signal,Clear,"Dark, artificial",Dry,Non-Fatal Injury,Approaching,Driver,20 to 24,Minor,Clanton Park
17411,2021-10-22 08:00:00,WILSON AV,ALLINGHAM GS,North York,43.735579,-79.442638,Traffic Signal,Clear,"Dark, artificial",Dry,Non-Fatal Injury,Approaching,Driver,45 to 49,Minimal,Clanton Park
17412,2021-10-22 08:00:00,WILSON AV,ALLINGHAM GS,North York,43.735579,-79.442638,Traffic Signal,Clear,"Dark, artificial",Dry,Non-Fatal Injury,Approaching,Passenger,15 to 19,Major,Clanton Park