,DATE,STREET1,STREET2,DISTRICT,LATITUDE,LONGITUDE,TRAFFCTL,VISIBILITY,LIGHT,RDSFCOND,ACCLASS,IMPACTYPE,INVTYPE,INVAGE,INJURY,NEIGHBOURHOOD_158
17413,2021-10-22 08:00:00,WILSON AV,ALLINGHAM GS,North York,43.735579,-79.442638,Traffic Signal,Clear,"Dark, artificial",Dry,Non-Fatal Injury,Approaching,Passenger,15 to 19,Major,Clanton Park
17414,2021-10-22 08:00:00,WILSON AV,ALLINGHAM GS,North York,43.735579,-79.442638,Traffic Signal,Clear,"Dark, artificial",Dry,Non-Fatal Injury,Approaching,Passenger,15 to 19,Major,Clanton Park
17415,2021-10-22 08:00:00,WILSON AV,ALLINGHAM GS,North York,43.735579,-79.442638,Traffic Signal,Clear,"Dark, artificial",Dry,Non-Fatal Injury,Approaching,Passenger,15 to 19,Minor,Clanton Park
17416,2021-10-24 08:00:00,2233 BARTOR RD,,Etobicoke York,43.73461,-79.526828,No Control,Clear,Dark,Dry,Fatal,Rear End,Driver,30 to 34,,Oakdale-Beverley Heights
17417,2021-10-24 08:00:00,2233 BARTOR RD,,Etobicoke York,43.73461,-79.526828,No Control,Clear,Dark,Dry,Fatal,Rear End,Driver,45 to 49,Fatal,Oakdale-Beverley Heights
17418,2021-10-25 08:00:00,ORIOLE PKWY,EGLINTON AVE W,Toronto and East York,43.704482,-79.405879,No Control,Rain,Daylight,Wet,Non-Fatal Injury,Pedestrian Collisions,Driver,30 to 34,,Yonge-Eglinton
17419,2021-10-25 08:00:00,ORIOLE PKWY,EGLINTON AVE W,Toronto and East York,43.704482,-79.405879,No Control,Rain,Daylight,Wet,Non-Fatal Injury,Pedestrian Collisions,Pedestrian,30 to 34,Major,Yonge-Eglinton
17420,2021-10-25 08:00:00,LAKE SHORE BLVD W,TWENTY FIRST ST,Etobicoke York,43.597369,-79.520198,No Control,Rain,"Dusk, artificial",Wet,Fatal,Pedestrian Collisions,Pedestrian,65 to 69,Fatal,New Toronto
17421,2021-10-25 08:00:00,LAKE SHORE BLVD W,TWENTY FIRST ST,Etobicoke York,43.597369,-79.520198,No Control,Rain,"Dusk, artificial",Wet,Fatal,Pedestrian Collisions,Driver,40 to 44,,New Toronto
17422,2021-10-27 08:00:00,DUNCANWOODS DR,NAVENBY  CRES,Etobicoke York,43.753745,-79.565372,No Control,Clear,"Daylight, artificial",Dry,Non-Fatal Injury,Pedestrian Collisions,Driver,20 to 24,,Humber Summit
17423,2021-10-27 08:00:00,DUNCANWOODS DR,NAVENBY  CRES,Etobicoke York,43.753745,-79.565372,No Control,Clear,"Daylight, artificial",Dry,Non-Fatal Injury,Pedestrian Collisions,Pedestrian,40 to 44,Major,Humber Summit
17424,2021-10-27 08:00:00,DUNCANWOODS DR,NAVENBY  CRES,Etobicoke York,43.753745,-79.565372,No Control,Clear,"Daylight, artificial",Dry,Non-Fatal Injury,Pedestrian Collisions,Pedestrian,5 to 9,Minor,Humber Summit
17425,2021-10-29 08:00:00,VICTORIA PARK AV,GERRARD ST E,Scarborough,43.686831,-79.286548,Traffic Signal,Clear,"Dark, artificial",Dry,Non-Fatal Injury,SMV Other,Driver,30 to 34,,East End-Danforth
17426,2021-10-29 08:00:00,VICTORIA PARK AV,GERRARD ST E,Scarborough,43.686831,-79.286548,Traffic Signal,Clear,"Dark, artificial",Dry,Non-Fatal Injury,SMV Other,Passenger,30 to 34,Major,East End-Danforth
17427,2021-10-29 08:00:00,3600 STEELES AVE W,,Etobicoke York,43.771792,-79.538791,No Control,Rain,"Dark, artificial",Wet,Non-Fatal Injury,Pedestrian Collisions,Driver,25 to 29,,Humber Summit
17428,2021-10-29 08:00:00,3600 STEELES AVE W,,Etobicoke York,43.771792,-79.538791,No Control,Rain,"Dark, artificial",Wet,Non-Fatal Injury,Pedestrian Collisions,Pedestrian,35 to 39,Major,Humber Summit
17429,2021-10-30 08:00:00,KENNEDY RD,LAWRENCE AVE E,Scarborough,43.750979,-79.275401,No Control,Rain,"Dark, artificial",Wet,Fatal,Pedestrian Collisions,Pedestrian,65 to 69,Fatal,Dorset Park
17430,2021-10-30 08:00:00,KENNEDY RD,LAWRENCE AVE E,Scarborough,43.750979,-79.275401,No Control,Rain,"Dark, artificial",Wet,Fatal,Pedestrian Collisions,Driver,35 to 39,,Dorset Park
17431,2021-10-31 08:00:00,WESTON RD,JUBILEE CRES,North York,43.726172,-79.535579,No Control,Clear,"Dark, artificial",Wet,Non-Fatal Injury,SMV Other,Driver,20 to 24,Major,Pelmo Park-Humberlea
17432,2021-11-01 08:00:00,2275 WARDEN AVE,,Scarborough,43.782305,-79.309589,No Control,Clear,"Dark, artificial",Dry,Non-Fatal Injury,Cyclist Collisions,Driver,30 to 34,,Tam O'Shanter-Sullivan
17433,2021-11-01 08:00:00,2275 WARDEN AVE,,Scarborough,43.782305,-79.309589,No Control,Clear,"Dark, artificial",Dry,Non-Fatal Injury,Cyclist Collisions,Cyclist,40 to 44,Major,Tam O'Shanter-Sullivan
17434,2021-11-05 08:00:00,THE QUEENSWAY,NORTH QUEEN ST,Etobicoke York,43.614066,-79.558002,No Control,Clear,Daylight,Dry,Non-Fatal Injury,Pedestrian Collisions,Driver,30 to 34,,Etobicoke City Centre
17435,2021-11-05 08:00:00,THE QUEENSWAY,NORTH QUEEN ST,Etobicoke York,43.614066,-79.558002,No Control,Clear,Daylight,Dry,Non-Fatal Injury,Pedestrian Collisions,Pedestrian,75 to 79,Major,Etobicoke City Centre
17436,2021-11-06 08:00:00,MIDDLEFIELD RD,FINCH  AVE E,Scarborough,43.809817,-79.257663,Traffic Signal,Clear,"Dark, artificial",Dry,Non-Fatal Injury,Pedestrian Collisions,Driver,25 to 29,,Agincourt North
17437,2021-11-06 08:00:00,MIDDLEFIELD RD,FINCH  AVE E,Scarborough,43.809817,-79.257663,Traffic Signal,Clear,"Dark, artificial",Dry,Non-Fatal Injury,Pedestrian Collisions,Pedestrian,25 to 29,Major,Agincourt North
17438,2021-11-07 09:00:00,DUFFERIN ST,DUPONT ST,Toronto and East York,43.668429,-79.438876,Traffic Signal,Clear,Daylight,Dry,Non-Fatal Injury,Sideswipe,Driver,35 to 39,Minor,Dovercourt Village
17439,2021-11-07 09:00:00,DUFFERIN ST,DUPONT ST,Toronto and East York,43.668429,-79.438876,Traffic Signal,Clear,Daylight,Dry,Non-Fatal Injury,Sideswipe,Driver,60 to 64,,Dovercourt Village
17440,2021-11-07 09:00:00,DUFFERIN ST,DUPONT ST,Toronto and East York,43.668429,-79.438876,Traffic Signal,Clear,Daylight,Dry,Non-Fatal Injury,Sideswipe,Driver,65 to 69,Major,Dovercourt Village
17441,2021-11-07 09:00:00,DUFFERIN ST,DUPONT ST,Toronto and East York,43.668429,-79.438876,Traffic Signal,Clear,Daylight,Dry,Non-Fatal Injury,Sideswipe,Driver,30 to 34,,Dovercourt Village
17442,2021-11-07 09:00:00,DUFFERIN ST,DUPONT ST,Toronto and East York,43.668429,-79.438876,Traffic Signal,Clear,Daylight,Dry,Non-Fatal Injury,Sideswipe,Driver,55 to 59,Minimal,Dovercourt Village
17443,2021-11-07 09:00:00,DUFFERIN ST,DUPONT ST,Toronto and East York,43.668429,-79.438876,Traffic Signal,Clear,Daylight,Dry,Non-Fatal Injury,Sideswipe,Driver,50 to 54,,Dovercourt Village
17444,2021-11-07 09:00:00,DUFFERIN ST,DUPONT ST,Toronto and East York,43.668429,-79.438876,Traffic Signal,Clear,Daylight,Dry,Non-Fatal Injury,Sideswipe,Driver,20 to 24,,Dovercourt Village
17445,2021-11-07 09:00:00,DUFFERIN ST,DUPONT ST,Toronto and East York,43.668429,-79.438876,Traffic Signal,Clear,Daylight,Dry,Non-Fatal Injury,Sideswipe,Driver,50 to 54,,Dovercourt Village
17446,2021-11-07 09:00:00,DUFFERIN ST,DUPONT ST,Toronto and East York,43.668429,-79.438876,Traffic Signal,Clear,Daylight,Dry,Non-Fatal Injury,Sideswipe,Driver,30 to 34,,Dovercourt Village
17447,2021-11-07 09:00:00,DUFFERIN ST,DUPONT ST,Toronto and East York,43.668429,-79.438876,Traffic Signal,Clear,Daylight,Dry,Non-Fatal Injury,Sideswipe,Passenger,35 to 39,Minor,Dovercourt Village
17448,2021-11-07 09:00:00,DUFFERIN ST,DUPONT ST,Toronto and East York,43.668429,-79.438876,Traffic Signal,Clear,Daylight,Dry,Non-Fatal Injury,Sideswipe,Passenger,45 to 49,Minimal,Dovercourt Village
17449,2021-11-07 09:00:00,DUFFERIN ST,DUPONT ST,Toronto and East York,43.668429,-79.438876,Traffic Signal,Clear,Daylight,Dry,Non-Fatal Injury,Sideswipe,Passenger,5 to 9,,Dovercourt Village
17450,2021-11-07 09:00:00,DUFFERIN ST,DUPONT ST,Toronto and East York,43.668429,-79.438876,Traffic Signal,Clear,Daylight,Dry,Non-Fatal Injury,Sideswipe,Passenger,15 to 19,,Dovercourt Village
17451,2021-11-07 09:00:00,DUFFERIN ST,DUPONT ST,Toronto and East York,43.668429,-79.438876,Traffic Signal,Clear,Daylight,Dry,Non-Fatal Injury,Sideswipe,Passenger,20 to 24,,Dovercourt Village
17452,2021-11-07 09:00:00,DUFFERIN ST,DUPONT ST,Toronto and East York,43.668429,-79.438876,Traffic Signal,Clear,Daylight,Dry,Non-Fatal Injury,Sideswipe,Passenger,55 to 59,,Dovercourt Village
17453,2021-11-09 10:00:00,BEDFORD RD,DAVENPORT RD,Toronto and East York,43.6743,-79.399806,Traffic Signal,Clear,Daylight,Dry,Non-Fatal Injury,Pedestrian Collisions,Driver,60 to 64,,Annex
17454,2021-11-09 10:00:00,BEDFORD RD,DAVENPORT RD,Toronto and East York,43.6743,-79.399806,Traffic Signal,Clear,Daylight,Dry,Non-Fatal Injury,Pedestrian Collisions,Pedestrian,85 to 89,Major,Annex
17455,2021-11-09 10:00:00,LAWRENCE  AVE W,DUFFLAW  RD,North York,43.712683,-79.460834,Traffic Signal,Rain,Daylight,Wet,Non-Fatal Injury,Pedestrian Collisions,Driver,60 to 64,,Yorkdale-Glen Park
17456,2021-11-09 10:00:00,LAWRENCE  AVE W,DUFFLAW  RD,North York,43.712683,-79.460834,Traffic Signal,Rain,Daylight,Wet,Non-Fatal Injury,Pedestrian Collisions,Pedestrian,20 to 24,Major,Yorkdale-Glen Park
17457,2021-11-10 10:00:00,Aukland Road,Kipling Go station,Etobicoke York,43.638679,-79.534122,No Control,Clear,"Dark, artificial",Dry,Non-Fatal Injury,SMV Other,Driver,unknown,,Etobicoke City Centre
17458,2021-11-10 10:00:00,Aukland Road,Kipling Go station,Etobicoke York,43.638679,-79.534122,No Control,Clear,"Dark, artificial",Dry,Non-Fatal Injury,SMV Other,Passenger,75 to 79,Major,Etobicoke City Centre
17459,2021-11-12 10:00:00,650 OLD WESTON RD,,Etobicoke York,43.679454,-79.465389,No Control,Rain,"Dark, artificial",Wet,Non-Fatal Injury,Pedestrian Collisions,Driver,35 to 39,Minimal,Weston-Pelham Park
17460,2021-11-12 10:00:00,650 OLD WESTON RD,,Etobicoke York,43.679454,-79.465389,No Control,Rain,"Dark, artificial",Wet,Non-Fatal Injury,Pedestrian Collisions,Pedestrian,30 to 34,Major,Weston-Pelham Park
17461,2021-11-12 10:00:00,DON VALLEY PARKWAY  S,DUNDAS ST E,Toronto and East York,43.662001,-79.355159,No Control,Clear,"Dark, artificial",Wet,Fatal,Pedestrian Collisions,Pedestrian,30 to 34,Fatal,South Riverdale
17462,2021-11-12 10:00:00,DON VALLEY PARKWAY  S,DUNDAS ST E,Toronto and East York,43.662001,-79.355159,No Control,Clear,"Dark, artificial",Wet,Fatal,Pedestrian Collisions,Driver,25 to 29,,South Riverdale
17463,2021-11-12 10:00:00,DON VALLEY PARKWAY  S,DUNDAS ST E,Toronto and East York,43.662001,-79.355159,No Control,Clear,"Dark, artificial",Wet,Fatal,Pedestrian Collisions,Passenger,30 to 34,,South Riverdale
17464,2021-11-13 10:00:00,THE QUEENSWAY,HIGH ST,Etobicoke York,43.632056,-79.477725,No Control,Clear,"Dark, artificial",Dry,Fatal,SMV Other,Driver,20 to 24,Fatal,Stonegate-Queensway
17465,2021-11-13 10:00:00,THE QUEENSWAY,HIGH ST,Etobicoke York,43.632056,-79.477725,No Control,Clear,"Dark, artificial",Dry,Fatal,SMV Other,Driver,20 to 24,Major,Stonegate-Queensway
17466,2021-11-13 10:00:00,RENFORTH DR,CENTENNIAL PARK GT,Etobicoke York,43.65372,-79.580486,No Control,Clear,"Dark, artificial",Dry,Fatal,SMV Other,Passenger,5 to 9,Fatal,Eringate-Centennial-West Deane
17467,2021-11-13 10:00:00,RENFORTH DR,CENTENNIAL PARK GT,Etobicoke York,43.65372,-79.580486,No Control,Clear,"Dark, artificial",Dry,Fatal,SMV Other,Driver,30 to 34,Major,Eringate-Centennial-West Deane
17468,2021-11-16 10:00:00,DUNDAS ST W,HIGHWAY 427 C N,Etobicoke York,43.628394,-79.557079,No Control,Clear,"Dark, artificial",Dry,Non-Fatal Injury,SMV Other,Driver,15 to 19,Major,Etobicoke City Centre
17469,2021-11-16 10:00:00,LAKE SHORE BLVD W,BATHURST ST,Toronto and East York,43.636412,-79.399608,Traffic Signal,Clear,"Dark, artificial",Dry,Non-Fatal Injury,Pedestrian Collisions,Driver,25 to 29,,Fort York-Liberty Village
17470,2021-11-16 10:00:00,LAKE SHORE BLVD W,BATHURST ST,Toronto and East York,43.636412,-79.399608,Traffic Signal,Clear,"Dark, artificial",Dry,Non-Fatal Injury,Pedestrian Collisions,Pedestrian,35 to 39,Major,Fort York-Liberty Village
17471,2021-11-17 10:00:00,LAKE SHORE BLVD W,SHORE BREEZE DR,Etobicoke York,43.624072,-79.480487,No Control,Rain,Dark,Wet,Non-Fatal Injury,Pedestrian Collisions,Driver,15 to 19,,Humber Bay Shores
17472,2021-11-17 10:00:00,LAKE SHORE BLVD W,SHORE BREEZE DR,Etobicoke York,43.624072,-79.480487,No Control,Rain,Dark,Wet,Non-Fatal Injury,Pedestrian Collisions,Pedestrian,25 to 29,Major,Humber Bay Shores
17473,2021-11-18 10:00:00,SHERBOURNE ST,DUNDAS ST  E,Toronto and East York,43.658221,-79.37099,Traffic Signal,Clear,Daylight,Dry,Fatal,Pedestrian Collisions,Truck Driver,55 to 59,Minimal,Moss Park
17474,2021-11-18 10:00:00,SHERBOURNE ST,DUNDAS ST  E,Toronto and East York,43.658221,-79.37099,Traffic Signal,Clear,Daylight,Dry,Fatal,Pedestrian Collisions,Wheelchair,55 to 59,Fatal,Moss Park
17475,2021-11-21 10:00:00,JANE ST,SHEPPARD AV W,Etobicoke York,43.739379,-79.513187,Traffic Signal,Rain,"Dark, artificial",Wet,Non-Fatal Injury,Turning Movement,Driver,55 to 59,,Glenfield-Jane Heights
17476,2021-11-21 10:00:00,JANE ST,SHEPPARD AV W,Etobicoke York,43.739379,-79.513187,Traffic Signal,Rain,"Dark, artificial",Wet,Non-Fatal Injury,Turning Movement,Driver,35 to 39,Major,Glenfield-Jane Heights
17477,2021-11-24 10:00:00,24 GRANDVIEW AVE,,Toronto and East York,43.673525,-79.349963,No Control,Clear,"Dark, artificial",Dry,Non-Fatal Injury,Pedestrian Collisions,Truck Driver,55 to 59,,North Riverdale
17478,2021-11-24 10:00:00,24 GRANDVIEW AVE,,Toronto and East York,43.673525,-79.349963,No Control,Clear,"Dark, artificial",Dry,Non-Fatal Injury,Pedestrian Collisions,Pedestrian,60 to 64,Major,North Riverdale
17479,2021-11-29 10:00:00,BURNHAMTHORPE RD,CORDOVA AV,Etobicoke York,43.648768,-79.52872,Traffic Signal,Snow,"Dark, artificial",Wet,Non-Fatal Injury,Turning Movement,Driver,50 to 54,Minimal,Islington
17480,2021-11-29 10:00:00,BURNHAMTHORPE RD,CORDOVA AV,Etobicoke York,43.648768,-79.52872,Traffic Signal,Snow,"Dark, artificial",Wet,Non-Fatal Injury,Turning Movement,Driver,20 to 24,Major,Islington
17481,2021-11-30 10:00:00,PLAINS RD,GREENWOOD AVE,Toronto and East York,43.693789,-79.338458,Stop Sign,Rain,"Dusk, artificial",Wet,Non-Fatal Injury,Cyclist Collisions,Driver,unknown,,Old East York
17482,2021-11-30 10:00:00,PLAINS RD,GREENWOOD AVE,Toronto and East York,43.693789,-79.338458,Stop Sign,Rain,"Dusk, artificial",Wet,Non-Fatal Injury,Cyclist Collisions,Cyclist,65 to 69,Major,Old East York
17483,2021-11-30 10:00:00,JANE ST,HUMBERVIEW  RD,North York,43.653937,-79.486369,No Control,Clear,Dark,Wet,Non-Fatal Injury,Pedestrian Collisions,Driver,55 to 59,,Runnymede-Bloor West Village
17484,2021-11-30 10:00:00,JANE ST,HUMBERVIEW  RD,North York,43.653937,-79.486369,No Control,Clear,Dark,Wet,Non-Fatal Injury,Pedestrian Collisions,Pedestrian,65 to 69,Major,Runnymede-Bloor West Village
17485,2021-12-01 10:00:00,SEATON ST,SHUTER ST,Toronto and East York,43.657489,-79.368999,No Control,Clear,Daylight,Dry,Non-Fatal Injury,SMV Unattended Vehicle,Driver,30 to 34,Major,Moss Park
17486,2021-12-03 10:00:00,TOWER DR,BRIAN AVE,Scarborough,43.747439,-79.299724,Stop Sign,Clear,Daylight,Dry,Fatal,SMV Other,Driver,80 to 84,Fatal,Wexford/Maryvale
17487,2021-12-03 10:00:00,REXDALE  BLVD,QUEENS PLATE DR,Etobicoke York,43.719084,-79.60342,Traffic Signal,Clear,Dark,Dry,Non-Fatal Injury,Pedestrian Collisions,Pedestrian,50 to 54,Major,West Humber-Clairville
17488,2021-12-07 10:00:00,DUNDAS ST W,LANSDOWNE AVE,Toronto and East York,43.650096,-79.439693,Traffic Signal,Clear,"Dusk, artificial",Dry,Non-Fatal Injury,Pedestrian Collisions,Driver,35 to 39,,Little Portugal
17489,2021-12-07 10:00:00,DUNDAS ST W,LANSDOWNE AVE,Toronto and East York,43.650096,-79.439693,Traffic Signal,Clear,"Dusk, artificial",Dry,Non-Fatal Injury,Pedestrian Collisions,Pedestrian,20 to 24,Major,Little Portugal
17490,2021-12-07 10:00:00,DUNDAS ST W,LANSDOWNE AVE,Toronto and East York,43.650096,-79.439693,Traffic Signal,Clear,"Dusk, artificial",Dry,Non-Fatal Injury,Pedestrian Collisions,Passenger,unknown,,Little Portugal
17491,2021-12-07 10:00:00,BATHURST ST,ULSTER  ST,Toronto and East York,43.659735,-79.409045,Traffic Signal,Clear,"Dark, artificial",Dry,Non-Fatal Injury,Pedestrian Collisions,Driver,25 to 29,,University
17492,2021-12-07 10:00:00,BATHURST ST,ULSTER  ST,Toronto and East York,43.659735,-79.409045,Traffic Signal,Clear,"Dark, artificial",Dry,Non-Fatal Injury,Pedestrian Collisions,Pedestrian,15 to 19,Major,University
17493,2021-12-08 10:00:00,AVENUE RD,ST CLAIR AVE W,Toronto and East York,43.686633,-79.401469,Traffic Signal,Clear,"Dark, artificial",Wet,Non-Fatal Injury,Turning Movement,Driver,80 to 84,Major,Yonge-St.Clair
17494,2021-12-08 10:00:00,AVENUE RD,ST CLAIR AVE W,Toronto and East York,43.686633,-79.401469,Traffic Signal,Clear,"Dark, artificial",Wet,Non-Fatal Injury,Turning Movement,Driver,25 to 29,Minimal,Yonge-St.Clair
17495,2021-12-08 10:00:00,AVENUE RD,ST CLAIR AVE W,Toronto and East York,43.686633,-79.401469,Traffic Signal,Clear,"Dark, artificial",Wet,Non-Fatal Injury,Turning Movement,Driver,60 to 64,,Yonge-St.Clair
17496,2021-12-08 10:00:00,AVENUE RD,ST CLAIR AVE W,Toronto and East York,43.686633,-79.401469,Traffic Signal,Clear,"Dark, artificial",Wet,Non-Fatal Injury,Turning Movement,Driver,40 to 44,,Yonge-St.Clair
17497,2021-12-08 10:00:00,AVENUE RD,ST CLAIR AVE W,Toronto and East York,43.686633,-79.401469,Traffic Signal,Clear,"Dark, artificial",Wet,Non-Fatal Injury,Turning Movement,Passenger,75 to 79,Major,Yonge-St.Clair
17498,2021-12-08 10:00:00,AVENUE RD,ST CLAIR AVE W,Toronto and East York,43.686633,-79.401469,Traffic Signal,Clear,"Dark, artificial",Wet,Non-Fatal Injury,Turning Movement,Passenger,40 to 44,Minimal,Yonge-St.Clair
17499,2021-12-10 10:00:00,LAKE SHORE BLVD E,LOWER JARVIS ST,Scarborough,43.645503,-79.369815,Traffic Signal,Clear,Dark,Dry,Fatal,Pedestrian Collisions,Pedestrian,35 to 39,Fatal,St Lawrence-East Bayfront-The Islands
17500,2021-12-10 10:00:00,LAKE SHORE BLVD E,LOWER JARVIS ST,Scarborough,43.645503,-79.369815,Traffic Signal,Clear,Dark,Dry,Fatal,Pedestrian Collisions,Driver,unknown,,St Lawrence-East Bayfront-The Islands
17501,2021-12-11 10:00:00,MIDLAND AVE,BROADBENT AVE,Scarborough,43.738864,-79.259937,Traffic Signal,Clear,Daylight,Wet,Fatal,Pedestrian Collisions,Pedestrian,65 to 69,Fatal,Eglinton East
17502,2021-12-11 10:00:00,MIDLAND AVE,BROADBENT AVE,Scarborough,43.738864,-79.259937,Traffic Signal,Clear,Daylight,Wet,Fatal,Pedestrian Collisions,Driver,30 to 34,,Eglinton East
17503,2021-12-12 10:00:00,3805 SHEPPARD AVE E,,Scarborough,43.782389,-79.29182,No Control,Strong wind,"Dark, artificial",Dry,Fatal,Pedestrian Collisions,Pedestrian,80 to 84,Fatal,Tam O'Shanter-Sullivan
17504,2021-12-12 10:00:00,3805 SHEPPARD AVE E,,Scarborough,43.782389,-79.29182,No Control,Strong wind,"Dark, artificial",Dry,Fatal,Pedestrian Collisions,Driver,35 to 39,,Tam O'Shanter-Sullivan
17505,2021-12-13 10:00:00,MARTIN GROVE RD,GIHON SPRING DR,Etobicoke York,43.754019,-79.600024,Traffic Signal,Clear,Daylight,Dry,Non-Fatal Injury,Cyclist Collisions,Driver,55 to 59,,Mount Olive-Silverstone-Jamestown
17506,2021-12-13 10:00:00,MARTIN GROVE RD,GIHON SPRING DR,Etobicoke York,43.754019,-79.600024,Traffic Signal,Clear,Daylight,Dry,Non-Fatal Injury,Cyclist Collisions,Cyclist,75 to 79,Major,Mount Olive-Silverstone-Jamestown
17507,2021-12-17 10:00:00,KENNEDY RD,VILLAGE GREEN  SQ,Scarborough,43.777182,-79.285518,Traffic Signal,Clear,"Dark, artificial",Dry,Non-Fatal Injury,Pedestrian Collisions,Driver,30 to 34,,Agincourt South-Malvern West
17508,2021-12-17 10:00:00,KENNEDY RD,VILLAGE GREEN  SQ,Scarborough,43.777182,-79.285518,Traffic Signal,Clear,"Dark, artificial",Dry,Non-Fatal Injury,Pedestrian Collisions,Pedestrian,20 to 24,Major,Agincourt South-Malvern West
17509,2021-12-18 10:00:00,LAWRENCE AVE E,PHARMACY AVE,Scarborough,43.74317,-79.304607,Traffic Signal,Clear,"Dark, artificial",Dry,Fatal,Turning Movement,Driver,55 to 59,Fatal,Wexford/Maryvale
17510,2021-12-18 10:00:00,LAWRENCE AVE E,PHARMACY AVE,Scarborough,43.74317,-79.304607,Traffic Signal,Clear,"Dark, artificial",Dry,Fatal,Turning Movement,Driver,15 to 19,Major,Wexford/Maryvale
17511,2021-12-18 10:00:00,LAWRENCE AVE E,PHARMACY AVE,Scarborough,43.74317,-79.304607,Traffic Signal,Clear,"Dark, artificial",Dry,Fatal,Turning Movement,Passenger,20 to 24,Major,Wexford/Maryvale
17512,2021-12-21 10:00:00,GARDINER XWY W,ROYAL YORK RD,Toronto and East York,43.622889,-79.500896,No Control,Clear,"Dark, artificial",Dry,Non-Fatal Injury,Sideswipe,Driver,30 to 34,Major,Mimico-Queensway
17513,2021-12-21 10:00:00,GARDINER XWY W,ROYAL YORK RD,Toronto and East York,43.622889,-79.500896,No Control,Clear,"Dark, artificial",Dry,Non-Fatal Injury,Sideswipe,Driver,55 to 59,,Mimico-Queensway
17514,2021-12-21 10:00:00,GARDINER EXPRESSWAY W,ROYAL YORK RD,Etobicoke York,43.623576,-79.49818,No Control,Clear,"Dark, artificial",Dry,Non-Fatal Injury,Sideswipe,Driver,30 to 34,Major,Mimico-Queensway
17515,2021-12-21 10:00:00,GARDINER EXPRESSWAY W,ROYAL YORK RD,Etobicoke York,43.623576,-79.49818,No Control,Clear,"Dark, artificial",Dry,Non-Fatal Injury,Sideswipe,Driver,60 to 64,Minor,Mimico-Queensway
17516,2021-12-22 10:00:00,MCCOWAN RD,ALTON TOWERS CRCL,Scarborough,43.820834,-79.273273,No Control,Snow,Daylight,Wet,Fatal,SMV Other,Driver,65 to 69,Fatal,Milliken
17517,2021-12-25 10:00:00,KING ST W,JAMESON AVE,Toronto and East York,43.637129,-79.435771,No Control,Clear,Daylight,Wet,Non-Fatal Injury,SMV Other,Driver,25 to 29,,South Parkdale
17518,2021-12-25 10:00:00,KING ST W,JAMESON AVE,Toronto and East York,43.637129,-79.435771,No Control,Clear,Daylight,Wet,Non-Fatal Injury,SMV Other,Passenger,85 to 89,Major,South Parkdale
17519,2021-12-26 10:00:00,YONGE ST,RICHMOND ST E,Toronto and East York,43.651618,-79.378948,Traffic Signal,Clear,Daylight,Dry,Fatal,Pedestrian Collisions,Pedestrian,0 to 4,,Downtown Yonge East
17520,2021-12-26 10:00:00,YONGE ST,RICHMOND ST E,Toronto and East York,43.651618,-79.378948,Traffic Signal,Clear,Daylight,Dry,Fatal,Pedestrian Collisions,Pedestrian,15 to 19,Fatal,Downtown Yonge East
17521,2021-12-26 10:00:00,YONGE ST,RICHMOND ST E,Toronto and East York,43.651618,-79.378948,Traffic Signal,Clear,Daylight,Dry,Fatal,Pedestrian Collisions,Pedestrian,45 to 49,Major,Downtown Yonge East
17522,2021-12-26 10:00:00,YONGE ST,RICHMOND ST E,Toronto and East York,43.651618,-79.378948,Traffic Signal,Clear,Daylight,Dry,Fatal,Pedestrian Collisions,Pedestrian,35 to 39,Minor,Downtown Yonge East
17523,2021-12-26 10:00:00,YONGE ST,RICHMOND ST E,Toronto and East York,43.651618,-79.378948,Traffic Signal,Clear,Daylight,Dry,Fatal,Pedestrian Collisions,Pedestrian,35 to 39,Minor,Downtown Yonge East
17524,2021-12-26 10:00:00,YONGE ST,RICHMOND ST E,Toronto and East York,43.651618,-79.378948,Traffic Signal,Clear,Daylight,Dry,Fatal,Pedestrian Collisions,Pedestrian,15 to 19,Major,Downtown Yonge East
17525,2021-12-26 10:00:00,YONGE ST,RICHMOND ST E,Toronto and East York,43.651618,-79.378948,Traffic Signal,Clear,Daylight,Dry,Fatal,Pedestrian Collisions,Driver,30 to 34,,Downtown Yonge East
17526,2021-12-26 10:00:00,YONGE ST,RICHMOND ST E,Toronto and East York,43.651618,-79.378948,Traffic Signal,Clear,Daylight,Dry,Fatal,Pedestrian Collisions,Driver,20 to 24,Minor,Downtown Yonge East
17527,2021-12-26 10:00:00,YONGE ST,RICHMOND ST E,Toronto and East York,43.651618,-79.378948,Traffic Signal,Clear,Daylight,Dry,Fatal,Pedestrian Collisions,Pedestrian,40 to 44,Minor,Downtown Yonge East