,DATE,STREET1,STREET2,DISTRICT,LATITUDE,LONGITUDE,TRAFFCTL,VISIBILITY,LIGHT,RDSFCOND,ACCLASS,IMPACTYPE,INVTYPE,INVAGE,INJURY,NEIGHBOURHOOD_158
18005,2022-09-15 08:00:00,EGLINTON AVE W,SCARLETT RD ET,Etobicoke York,43.68386,-79.51144,Traffic Signal,Clear,Daylight,Dry,Non-Fatal Injury,Rear End,Passenger,65 to 69,Major,Edenbridge-Humber Valley
18006,2022-09-15 08:00:00,287 COLLEGE ST,,Toronto and East York,43.657664,-79.401332,No Control,Clear,Daylight,Dry,Non-Fatal Injury,Cyclist Collisions,Truck Driver,20 to 24,,Kensington-Chinatown
18007,2022-09-15 08:00:00,287 COLLEGE ST,,Toronto and East York,43.657664,-79.401332,No Control,Clear,Daylight,Dry,Non-Fatal Injury,Cyclist Collisions,Cyclist,20 to 24,Major,Kensington-Chinatown
18008,2022-09-16 08:00:00,DON VALLEY PKWY N,GERRARD ST,Toronto and East York,43.666567,-79.356319,No Control,Clear,"Dark, artificial",Dry,Non-Fatal Injury,SMV Other,Motorcycle Driver,25 to 29,Major,North Riverdale
18009,2022-09-18 08:00:00,F G GARDINER XY  E,CHERRY ST,Toronto and East York,43.648947,-79.355068,No Control,Clear,"Dark, artificial",Dry,Non-Fatal Injury,SMV Other,Motorcycle Driver,30 to 34,Major,St Lawrence-East Bayfront-The Islands
18010,2022-09-18 08:00:00,F G GARDINER XY  E,CHERRY ST,Toronto and East York,43.648947,-79.355068,No Control,Clear,"Dark, artificial",Dry,Non-Fatal Injury,SMV Other,Motorcycle Passenger,30 to 34,Major,St Lawrence-East Bayfront-The Islands
18011,2022-09-19 08:00:00,BAYVIEW AVE,LAWRENCE AVE E,North York,43.726691,-79.381511,No Control,Clear,Dark,Dry,Non-Fatal Injury,Approaching,Passenger,75 to 79,Minor,Bridle Path-Sunnybrook-York Mills
18012,2022-09-19 08:00:00,BAYVIEW AVE,LAWRENCE AVE E,North York,43.726691,-79.381511,No Control,Clear,Dark,Dry,Non-Fatal Injury,Approaching,Driver,60 to 64,,Bridle Path-Sunnybrook-York Mills
18013,2022-09-19 08:00:00,BAYVIEW AVE,LAWRENCE AVE E,North York,43.726691,-79.381511,No Control,Clear,Dark,Dry,Non-Fatal Injury,Approaching,Driver,25 to 29,Major,Bridle Path-Sunnybrook-York Mills
18014,2022-09-19 08:00:00,BAYVIEW AVE,LAWRENCE AVE E,North York,43.726691,-79.381511,No Control,Clear,Dark,Dry,Non-Fatal Injury,Approaching,Passenger,55 to 59,Minor,Bridle Path-Sunnybrook-York Mills
18015,2022-09-22 08:00:00,TRETHEWEY DR AND PAULSON ROAD,PAULSON RD,,43.693583,-79.482257,No Control,Clear,Daylight,Dry,Non-Fatal Injury,Pedestrian Collisions,Driver,65 to 69,,Beechborough-Greenbrook
18016,2022-09-22 08:00:00,TRETHEWEY DR AND PAULSON ROAD,PAULSON RD,,43.693583,-79.482257,No Control,Clear,Daylight,Dry,Non-Fatal Injury,Pedestrian Collisions,Pedestrian,15 to 19,Major,Beechborough-Greenbrook
18017,2022-09-22 08:00:00,THE QUEENSWAY,KING ST W,Toronto and East York,43.638644,-79.446178,Traffic Signal,Clear,Daylight,Dry,Non-Fatal Injury,Approaching,Driver,70 to 74,Major,South Parkdale
18018,2022-09-22 08:00:00,THE QUEENSWAY,KING ST W,Toronto and East York,43.638644,-79.446178,Traffic Signal,Clear,Daylight,Dry,Non-Fatal Injury,Approaching,Driver,60 to 64,Minor,South Parkdale
18019,2022-09-22 08:00:00,F G GARDINER XY  W,GARDINER X W 427 X N RAMP,Etobicoke York,43.615931,-79.535976,No Control,Clear,Dark,Dry,Non-Fatal Injury,Rear End,Driver,unknown,,Alderwood
18020,2022-09-22 08:00:00,F G GARDINER XY  W,GARDINER X W 427 X N RAMP,Etobicoke York,43.615931,-79.535976,No Control,Clear,Dark,Dry,Non-Fatal Injury,Rear End,Driver,50 to 54,Minimal,Alderwood
18021,2022-09-22 08:00:00,F G GARDINER XY  W,GARDINER X W 427 X N RAMP,Etobicoke York,43.615931,-79.535976,No Control,Clear,Dark,Dry,Non-Fatal Injury,Rear End,Driver,30 to 34,Minimal,Alderwood
18022,2022-09-22 08:00:00,F G GARDINER XY  W,GARDINER X W 427 X N RAMP,Etobicoke York,43.615931,-79.535976,No Control,Clear,Dark,Dry,Non-Fatal Injury,Rear End,Driver,25 to 29,Minimal,Alderwood
18023,2022-09-22 08:00:00,F G GARDINER XY  W,GARDINER X W 427 X N RAMP,Etobicoke York,43.615931,-79.535976,No Control,Clear,Dark,Dry,Non-Fatal Injury,Rear End,Passenger,20 to 24,Minimal,Alderwood
18024,2022-09-22 08:00:00,F G GARDINER XY  W,GARDINER X W 427 X N RAMP,Etobicoke York,43.615931,-79.535976,No Control,Clear,Dark,Dry,Non-Fatal Injury,Rear End,Passenger,20 to 24,Major,Alderwood
18025,2022-09-23 08:00:00,STEELES AVE E,SEWELLS RD,Scarborough,43.845439,-79.212268,No Control,Clear,Dark,Dry,Fatal,SMV Other,Passenger,15 to 19,Fatal,Morningside Heights
18026,2022-09-23 08:00:00,STEELES AVE E,SEWELLS RD,Scarborough,43.845439,-79.212268,No Control,Clear,Dark,Dry,Fatal,SMV Other,Driver,15 to 19,Minor,Morningside Heights
18027,2022-09-23 08:00:00,STEELES AVE E,SEWELLS RD,Scarborough,43.845439,-79.212268,No Control,Clear,Dark,Dry,Fatal,SMV Other,Passenger,20 to 24,Minor,Morningside Heights
18028,2022-09-23 08:00:00,WESTON WOOD RD,ROYAL YORK RD,Etobicoke York,43.69187,-79.530826,No Control,Clear,Daylight,Dry,Non-Fatal Injury,Approaching,Driver,35 to 39,Minor,Humber Heights-Westmount
18029,2022-09-23 08:00:00,WESTON WOOD RD,ROYAL YORK RD,Etobicoke York,43.69187,-79.530826,No Control,Clear,Daylight,Dry,Non-Fatal Injury,Approaching,Driver,75 to 79,Major,Humber Heights-Westmount
18030,2022-09-24 08:00:00,BLOOR ST W,GARDENVALE RD,Etobicoke York,43.645594,-79.518939,Traffic Signal,Clear,Daylight,Dry,Non-Fatal Injury,Pedestrian Collisions,Driver,25 to 29,,Stonegate-Queensway
18031,2022-09-24 08:00:00,BLOOR ST W,GARDENVALE RD,Etobicoke York,43.645594,-79.518939,Traffic Signal,Clear,Daylight,Dry,Non-Fatal Injury,Pedestrian Collisions,Pedestrian,55 to 59,Major,Stonegate-Queensway
18032,2022-09-24 08:00:00,FINCH AVE E,SENECA HILL DR,North York,43.79402,-79.348445,No Control,Clear,Dusk,Dry,Non-Fatal Injury,Turning Movement,Motorcycle Driver,20 to 24,Major,Don Valley Village
18033,2022-09-24 08:00:00,FINCH AVE E,SENECA HILL DR,North York,43.79402,-79.348445,No Control,Clear,Dusk,Dry,Non-Fatal Injury,Turning Movement,Driver,25 to 29,,Don Valley Village
18034,2022-09-24 08:00:00,FINCH AVE E,SENECA HILL DR,North York,43.79402,-79.348445,No Control,Clear,Dusk,Dry,Non-Fatal Injury,Turning Movement,Passenger,25 to 29,,Don Valley Village
18035,2022-09-24 08:00:00,DUFFERIN ST,MARTIN ST,,43.689425,-79.447688,No Control,Clear,"Dark, artificial",Dry,Fatal,Angle,Motorcycle Driver,30 to 34,Fatal,Oakwood Village
18036,2022-09-24 08:00:00,DUFFERIN ST,MARTIN ST,,43.689425,-79.447688,No Control,Clear,"Dark, artificial",Dry,Fatal,Angle,Driver,20 to 24,Minor,Oakwood Village
18037,2022-09-24 08:00:00,DUFFERIN ST,MARTIN ST,,43.689425,-79.447688,No Control,Clear,"Dark, artificial",Dry,Fatal,Angle,Driver,35 to 39,,Oakwood Village
18038,2022-09-24 08:00:00,DUFFERIN ST,MARTIN ST,,43.689425,-79.447688,No Control,Clear,"Dark, artificial",Dry,Fatal,Angle,Passenger,15 to 19,Minor,Oakwood Village
18039,2022-09-25 08:00:00,GAMMA ST,VALERMO DR,Etobicoke York,43.60818,-79.539325,No Control,Clear,"Dusk, artificial",Dry,Non-Fatal Injury,Pedestrian Collisions,Driver,45 to 49,,Alderwood
18040,2022-09-25 08:00:00,GAMMA ST,VALERMO DR,Etobicoke York,43.60818,-79.539325,No Control,Clear,"Dusk, artificial",Dry,Non-Fatal Injury,Pedestrian Collisions,Pedestrian,40 to 44,Major,Alderwood
18041,2022-09-26 08:00:00,KEELE ST,DENBIGH CRES,North York,43.738223,-79.484851,No Control,Clear,Daylight,Dry,Non-Fatal Injury,Rear End,Driver,20 to 24,Major,Downsview
18042,2022-09-26 08:00:00,KEELE ST,DENBIGH CRES,North York,43.738223,-79.484851,No Control,Clear,Daylight,Dry,Non-Fatal Injury,Rear End,Driver,65 to 69,Minimal,Downsview
18043,2022-09-26 08:00:00,COSBURN AV,GLEBEMOUNT AVE,Toronto and East York,43.695437,-79.32162,Pedestrian Crossover,Rain,"Dark, artificial",Wet,Non-Fatal Injury,Pedestrian Collisions,Driver,30 to 34,,Danforth East York
18044,2022-09-26 08:00:00,COSBURN AV,GLEBEMOUNT AVE,Toronto and East York,43.695437,-79.32162,Pedestrian Crossover,Rain,"Dark, artificial",Wet,Non-Fatal Injury,Pedestrian Collisions,Pedestrian,60 to 64,Major,Danforth East York
18045,2022-09-26 08:00:00,KINGSTON RD,MORNINGSIDE AV,Scarborough,43.770507,-79.18687,Traffic Signal,Rain,Dark,Wet,Non-Fatal Injury,Pedestrian Collisions,Driver,40 to 44,,West Hill
18046,2022-09-26 08:00:00,KINGSTON RD,MORNINGSIDE AV,Scarborough,43.770507,-79.18687,Traffic Signal,Rain,Dark,Wet,Non-Fatal Injury,Pedestrian Collisions,Pedestrian,25 to 29,Major,West Hill
18047,2022-09-28 08:00:00,WILSON AVE,DALLNER RD,Etobicoke York,43.719824,-79.513767,No Control,Clear,"Dark, artificial",Dry,Non-Fatal Injury,Pedestrian Collisions,Driver,unknown,,Oakdale-Beverley Heights
18048,2022-09-28 08:00:00,WILSON AVE,DALLNER RD,Etobicoke York,43.719824,-79.513767,No Control,Clear,"Dark, artificial",Dry,Non-Fatal Injury,Pedestrian Collisions,Pedestrian,55 to 59,Major,Oakdale-Beverley Heights
18049,2022-09-29 08:00:00,STEELES AVE W,FENMAR DR,Etobicoke York,43.766474,-79.564739,Traffic Signal,Clear,Daylight,Dry,Non-Fatal Injury,Pedestrian Collisions,Driver,70 to 74,,Humber Summit
18050,2022-09-29 08:00:00,STEELES AVE W,FENMAR DR,Etobicoke York,43.766474,-79.564739,Traffic Signal,Clear,Daylight,Dry,Non-Fatal Injury,Pedestrian Collisions,Passenger,65 to 69,,Humber Summit
18051,2022-09-29 08:00:00,STEELES AVE W,FENMAR DR,Etobicoke York,43.766474,-79.564739,Traffic Signal,Clear,Daylight,Dry,Non-Fatal Injury,Pedestrian Collisions,Pedestrian,50 to 54,Major,Humber Summit
18052,2022-09-29 08:00:00,SKYWAY AVE,DIXON RD,North York,43.686701,-79.58604,No Control,,Daylight,,Fatal,Turning Movement,Driver,55 to 59,,West Humber-Clairville
18053,2022-09-29 08:00:00,SKYWAY AVE,DIXON RD,North York,43.686701,-79.58604,No Control,,Daylight,,Fatal,Turning Movement,Motorcycle Driver,50 to 54,Fatal,West Humber-Clairville
18054,2022-09-30 08:00:00,33 QUEEN ST E,,Toronto and East York,43.652686,-79.377605,No Control,Clear,Daylight,Dry,Non-Fatal Injury,Turning Movement,Driver,85 to 89,Major,Downtown Yonge East
18055,2022-09-30 08:00:00,33 QUEEN ST E,,Toronto and East York,43.652686,-79.377605,No Control,Clear,Daylight,Dry,Non-Fatal Injury,Turning Movement,Driver,55 to 59,Minimal,Downtown Yonge East
18056,2022-09-30 08:00:00,33 QUEEN ST E,,Toronto and East York,43.652686,-79.377605,No Control,Clear,Daylight,Dry,Non-Fatal Injury,Turning Movement,Truck Driver,55 to 59,Minor,Downtown Yonge East
18057,2022-09-30 08:00:00,33 QUEEN ST E,,Toronto and East York,43.652686,-79.377605,No Control,Clear,Daylight,Dry,Non-Fatal Injury,Turning Movement,Passenger,55 to 59,Minimal,Downtown Yonge East
18058,2022-09-30 08:00:00,BURNHAMTHORPE RD,LAUREL AV,Etobicoke York,43.646945,-79.556659,No Control,Clear,Daylight,Dry,Non-Fatal Injury,Angle,Motorcycle Driver,35 to 39,Major,Islington
18059,2022-09-30 08:00:00,BURNHAMTHORPE RD,LAUREL AV,Etobicoke York,43.646945,-79.556659,No Control,Clear,Daylight,Dry,Non-Fatal Injury,Angle,Driver,70 to 74,,Islington
18060,2022-09-30 08:00:00,BURNHAMTHORPE RD,LAUREL AV,Etobicoke York,43.646945,-79.556659,No Control,Clear,Daylight,Dry,Non-Fatal Injury,Angle,Passenger,65 to 69,,Islington
18061,2022-09-30 08:00:00,CARLTON ST,JARVIS ST,Toronto and East York,43.662413,-79.376689,Traffic Signal,Clear,Daylight,Dry,Non-Fatal Injury,Pedestrian Collisions,Driver,25 to 29,,Moss Park
18062,2022-09-30 08:00:00,CARLTON ST,JARVIS ST,Toronto and East York,43.662413,-79.376689,Traffic Signal,Clear,Daylight,Dry,Non-Fatal Injury,Pedestrian Collisions,Motorcycle Driver,55 to 59,Major,Moss Park
18063,2022-09-30 08:00:00,CARLTON ST,JARVIS ST,Toronto and East York,43.662413,-79.376689,Traffic Signal,Clear,Daylight,Dry,Non-Fatal Injury,Pedestrian Collisions,Passenger,unknown,,Moss Park
18064,2022-09-30 08:00:00,CARLTON ST,JARVIS ST,Toronto and East York,43.662413,-79.376689,Traffic Signal,Clear,Daylight,Dry,Non-Fatal Injury,Pedestrian Collisions,Pedestrian,35 to 39,Minimal,Moss Park
18065,2022-09-30 08:00:00,CARLTON ST,JARVIS ST,Toronto and East York,43.662413,-79.376689,Traffic Signal,Clear,Daylight,Dry,Non-Fatal Injury,Pedestrian Collisions,Pedestrian,35 to 39,Minimal,Moss Park
18066,2022-10-01 08:00:00,DUFFERIN ST,PEEL AVE,Toronto and East York,43.64379,-79.429195,No Control,Clear,Daylight,Dry,Non-Fatal Injury,Cyclist Collisions,Cyclist,30 to 34,Major,Little Portugal
18067,2022-10-01 08:00:00,DUFFERIN ST,PEEL AVE,Toronto and East York,43.64379,-79.429195,No Control,Clear,Daylight,Dry,Non-Fatal Injury,Cyclist Collisions,Driver,40 to 44,,Little Portugal
18068,2022-10-02 08:00:00,EVANS AVE,ISLINGTON AVE,Etobicoke York,43.618312,-79.511256,Traffic Signal,Clear,Daylight,Dry,Non-Fatal Injury,Cyclist Collisions,Driver,60 to 64,,Mimico-Queensway
18069,2022-10-02 08:00:00,EVANS AVE,ISLINGTON AVE,Etobicoke York,43.618312,-79.511256,Traffic Signal,Clear,Daylight,Dry,Non-Fatal Injury,Cyclist Collisions,Cyclist,35 to 39,Major,Mimico-Queensway
18070,2022-10-02 08:00:00,DUNDAS ST W,BROCK AVE,Toronto and East York,43.649817,-79.435558,Traffic Signal,Clear,Daylight,Dry,Non-Fatal Injury,Pedestrian Collisions,Driver,55 to 59,,Little Portugal
18071,2022-10-02 08:00:00,DUNDAS ST W,BROCK AVE,Toronto and East York,43.649817,-79.435558,Traffic Signal,Clear,Daylight,Dry,Non-Fatal Injury,Pedestrian Collisions,Pedestrian,85 to 89,Major,Little Portugal
18072,2022-10-03 08:00:00,BLOOR ST W,BATHURST ST,Toronto and East York,43.665042,-79.411174,Traffic Signal,Clear,"Dark, artificial",Dry,Non-Fatal Injury,Turning Movement,Driver,30 to 34,,University
18073,2022-10-03 08:00:00,BLOOR ST W,BATHURST ST,Toronto and East York,43.665042,-79.411174,Traffic Signal,Clear,"Dark, artificial",Dry,Non-Fatal Injury,Turning Movement,Motorcycle Driver,25 to 29,Major,University
18074,2022-10-04 08:00:00,FINCH AVE E,MARKHAM RD,Scarborough,43.812899,-79.243037,Traffic Signal,Clear,"Dark, artificial",Dry,Non-Fatal Injury,Turning Movement,Driver,20 to 24,Minor,Malvern West
18075,2022-10-04 08:00:00,FINCH AVE E,MARKHAM RD,Scarborough,43.812899,-79.243037,Traffic Signal,Clear,"Dark, artificial",Dry,Non-Fatal Injury,Turning Movement,Driver,35 to 39,Minor,Malvern West
18076,2022-10-04 08:00:00,FINCH AVE E,MARKHAM RD,Scarborough,43.812899,-79.243037,Traffic Signal,Clear,"Dark, artificial",Dry,Non-Fatal Injury,Turning Movement,Driver,30 to 34,,Malvern West
18077,2022-10-04 08:00:00,FINCH AVE E,MARKHAM RD,Scarborough,43.812899,-79.243037,Traffic Signal,Clear,"Dark, artificial",Dry,Non-Fatal Injury,Turning Movement,Passenger,35 to 39,Major,Malvern West
18078,2022-10-04 08:00:00,FINCH AVE E,MARKHAM RD,Scarborough,43.812899,-79.243037,Traffic Signal,Clear,"Dark, artificial",Dry,Non-Fatal Injury,Turning Movement,Passenger,0 to 4,Minor,Malvern West
18079,2022-10-04 08:00:00,2868 WESTON ROAD,,North York,43.722312,-79.537097,No Control,Clear,"Dark, artificial",Dry,Non-Fatal Injury,Rear End,Truck Driver,25 to 29,,Pelmo Park-Humberlea
18080,2022-10-04 08:00:00,2868 WESTON ROAD,,North York,43.722312,-79.537097,No Control,Clear,"Dark, artificial",Dry,Non-Fatal Injury,Rear End,Driver,45 to 49,Major,Pelmo Park-Humberlea
18081,2022-10-04 08:00:00,2868 WESTON ROAD,,North York,43.722312,-79.537097,No Control,Clear,"Dark, artificial",Dry,Non-Fatal Injury,Rear End,Driver,60 to 64,,Pelmo Park-Humberlea
18082,2022-10-05 08:00:00,F G GARDINER XY  W,GRAND AVE,Etobicoke York,43.625659,-79.489299,No Control,Clear,"Dark, artificial",Dry,Non-Fatal Injury,SMV Other,Driver,20 to 24,Major,Humber Bay Shores
18083,2022-10-05 08:00:00,F G GARDINER XY  W,GRAND AVE,Etobicoke York,43.625659,-79.489299,No Control,Clear,"Dark, artificial",Dry,Non-Fatal Injury,SMV Other,Driver,65 to 69,,Humber Bay Shores
18084,2022-10-05 08:00:00,F G GARDINER XY  W,GRAND AVE,Etobicoke York,43.625659,-79.489299,No Control,Clear,"Dark, artificial",Dry,Non-Fatal Injury,SMV Other,Passenger,20 to 24,Major,Humber Bay Shores
18085,2022-10-07 08:00:00,WINONA DR,450,Toronto and East York,43.689906,-79.435741,No Control,Clear,Daylight,Dry,Non-Fatal Injury,Cyclist Collisions,Cyclist,25 to 29,Major,Oakwood Village
18086,2022-10-07 08:00:00,WINONA DR,450,Toronto and East York,43.689906,-79.435741,No Control,Clear,Daylight,Dry,Non-Fatal Injury,Cyclist Collisions,Driver,50 to 54,,Oakwood Village
18087,2022-10-07 08:00:00,WINONA DR,450,Toronto and East York,43.689906,-79.435741,No Control,Clear,Daylight,Dry,Non-Fatal Injury,Cyclist Collisions,Passenger,50 to 54,,Oakwood Village
18088,2022-10-09 08:00:00,BATHURST ST,DEWLANE DR,North York,43.785918,-79.446056,No Control,Clear,Daylight,Dry,Non-Fatal Injury,Pedestrian Collisions,Driver,30 to 34,,Westminster-Branson
18089,2022-10-09 08:00:00,BATHURST ST,DEWLANE DR,North York,43.785918,-79.446056,No Control,Clear,Daylight,Dry,Non-Fatal Injury,Pedestrian Collisions,Passenger,70 to 74,Minimal,Westminster-Branson
18090,2022-10-09 08:00:00,BATHURST ST,DEWLANE DR,North York,43.785918,-79.446056,No Control,Clear,Daylight,Dry,Non-Fatal Injury,Pedestrian Collisions,Pedestrian,20 to 24,Major,Westminster-Branson
18091,2022-10-12 08:00:00,207 BELLAMY RD N,,Scarborough,43.747031,-79.231311,No Control,Clear,"Dark, artificial",Dry,Non-Fatal Injury,SMV Other,Driver,45 to 49,Major,Eglinton East
18092,2022-10-13 08:00:00,MIDDLEFIELD RD,MCCOWAN RD,Scarborough,43.798701,-79.261974,No Control,Clear,Dark,Dry,Non-Fatal Injury,Turning Movement,Passenger,10 to 14,,Agincourt North
18093,2022-10-13 08:00:00,MIDDLEFIELD RD,MCCOWAN RD,Scarborough,43.798701,-79.261974,No Control,Clear,Dark,Dry,Non-Fatal Injury,Turning Movement,Passenger,5 to 9,,Agincourt North
18094,2022-10-13 08:00:00,MIDDLEFIELD RD,MCCOWAN RD,Scarborough,43.798701,-79.261974,No Control,Clear,Dark,Dry,Non-Fatal Injury,Turning Movement,Passenger,5 to 9,,Agincourt North
18095,2022-10-13 08:00:00,MIDDLEFIELD RD,MCCOWAN RD,Scarborough,43.798701,-79.261974,No Control,Clear,Dark,Dry,Non-Fatal Injury,Turning Movement,Driver,15 to 19,,Agincourt North
18096,2022-10-13 08:00:00,MIDDLEFIELD RD,MCCOWAN RD,Scarborough,43.798701,-79.261974,No Control,Clear,Dark,Dry,Non-Fatal Injury,Turning Movement,Driver,20 to 24,Major,Agincourt North
18097,2022-10-14 08:00:00,REXDALE BLVD,QUEENS PLATE DR,Etobicoke York,43.716525,-79.592578,Traffic Signal,Clear,"Dark, artificial",Dry,Non-Fatal Injury,Pedestrian Collisions,Driver,50 to 54,,West Humber-Clairville
18098,2022-10-14 08:00:00,REXDALE BLVD,QUEENS PLATE DR,Etobicoke York,43.716525,-79.592578,Traffic Signal,Clear,"Dark, artificial",Dry,Non-Fatal Injury,Pedestrian Collisions,Pedestrian,55 to 59,Major,West Humber-Clairville
18099,2022-10-15 08:00:00,MARTIN GROVE RD,BELFIELD RD,Etobicoke York,43.701945,-79.57561,Traffic Signal,Clear,Daylight,Dry,Non-Fatal Injury,Turning Movement,Driver,30 to 34,Minor,West Humber-Clairville
18100,2022-10-15 08:00:00,MARTIN GROVE RD,BELFIELD RD,Etobicoke York,43.701945,-79.57561,Traffic Signal,Clear,Daylight,Dry,Non-Fatal Injury,Turning Movement,Driver,20 to 24,Major,West Humber-Clairville
18101,2022-10-15 08:00:00,MARTIN GROVE RD,BELFIELD RD,Etobicoke York,43.701945,-79.57561,Traffic Signal,Clear,Daylight,Dry,Non-Fatal Injury,Turning Movement,Passenger,30 to 34,,West Humber-Clairville
18102,2022-10-16 08:00:00,EVANS AVE,DELTA ST,Etobicoke York,43.612651,-79.539836,Stop Sign,Clear,Daylight,Dry,Non-Fatal Injury,Turning Movement,Driver,25 to 29,,Alderwood
18103,2022-10-16 08:00:00,EVANS AVE,DELTA ST,Etobicoke York,43.612651,-79.539836,Stop Sign,Clear,Daylight,Dry,Non-Fatal Injury,Turning Movement,Motorcycle Driver,40 to 44,Major,Alderwood
18104,2022-10-16 08:00:00,EVANS AVE,DELTA ST,Etobicoke York,43.612651,-79.539836,Stop Sign,Clear,Daylight,Dry,Non-Fatal Injury,Turning Movement,Driver,35 to 39,,Alderwood
18105,2022-10-16 08:00:00,EVANS AVE,DELTA ST,Etobicoke York,43.612651,-79.539836,Stop Sign,Clear,Daylight,Dry,Non-Fatal Injury,Turning Movement,Passenger,30 to 34,,Alderwood
18106,2022-10-17 08:00:00,MARLEE AVE,GLENGROVE AVE,North York,43.710726,-79.444484,Stop Sign,Clear,Dark,Dry,Non-Fatal Injury,Angle,Driver,unknown,,Yorkdale-Glen Park
18107,2022-10-17 08:00:00,MARLEE AVE,GLENGROVE AVE,North York,43.710726,-79.444484,Stop Sign,Clear,Dark,Dry,Non-Fatal Injury,Angle,Driver,50 to 54,,Yorkdale-Glen Park
18108,2022-10-17 08:00:00,MARLEE AVE,GLENGROVE AVE,North York,43.710726,-79.444484,Stop Sign,Clear,Dark,Dry,Non-Fatal Injury,Angle,Driver,unknown,,Yorkdale-Glen Park
18109,2022-10-17 08:00:00,MARLEE AVE,GLENGROVE AVE,North York,43.710726,-79.444484,Stop Sign,Clear,Dark,Dry,Non-Fatal Injury,Angle,Passenger,35 to 39,Major,Yorkdale-Glen Park
18110,2022-10-20 08:00:00,DUFFERIN ST,FINCH AVE W,North York,43.768851,-79.46693,No Control,Clear,Dark,Dry,Non-Fatal Injury,Pedestrian Collisions,Driver,60 to 64,,York University Heights
18111,2022-10-20 08:00:00,DUFFERIN ST,FINCH AVE W,North York,43.768851,-79.46693,No Control,Clear,Dark,Dry,Non-Fatal Injury,Pedestrian Collisions,Pedestrian,65 to 69,Major,York University Heights
18112,2022-10-22 08:00:00,ROYAL YORK RD,THE QUEENSWAY,Etobicoke York,43.626265,-79.502589,Traffic Signal,Clear,Dusk,Dry,Non-Fatal Injury,Turning Movement,Driver,60 to 64,,Stonegate-Queensway
18113,2022-10-22 08:00:00,ROYAL YORK RD,THE QUEENSWAY,Etobicoke York,43.626265,-79.502589,Traffic Signal,Clear,Dusk,Dry,Non-Fatal Injury,Turning Movement,Motorcycle Driver,30 to 34,Major,Stonegate-Queensway
18114,2022-10-22 08:00:00,ROYAL YORK RD,THE QUEENSWAY,Etobicoke York,43.626265,-79.502589,Traffic Signal,Clear,Dusk,Dry,Non-Fatal Injury,Turning Movement,Motorcycle Driver,30 to 34,Minimal,Stonegate-Queensway
18115,2022-10-22 08:00:00,ROYAL YORK RD,THE QUEENSWAY,Etobicoke York,43.626265,-79.502589,Traffic Signal,Clear,Dusk,Dry,Non-Fatal Injury,Turning Movement,Driver,50 to 54,,Stonegate-Queensway
18116,2022-10-22 08:00:00,ROYAL YORK RD,THE QUEENSWAY,Etobicoke York,43.626265,-79.502589,Traffic Signal,Clear,Dusk,Dry,Non-Fatal Injury,Turning Movement,Other,50 to 54,,Stonegate-Queensway
18117,2022-10-23 08:00:00,STEELES AVE W,400 S STEELES AVE W RAMP,North York,43.772029,-79.537761,Traffic Signal,Clear,Daylight,Dry,Non-Fatal Injury,Turning Movement,Driver,60 to 64,Minimal,Humber Summit
18118,2022-10-23 08:00:00,STEELES AVE W,400 S STEELES AVE W RAMP,North York,43.772029,-79.537761,Traffic Signal,Clear,Daylight,Dry,Non-Fatal Injury,Turning Movement,Motorcycle Driver,35 to 39,Major,Humber Summit
18119,2022-10-24 08:00:00,BLOOR ST W,OSSINGTON AV,North York,43.661982,-79.425624,Traffic Signal,Clear,Daylight,Dry,Non-Fatal Injury,Cyclist Collisions,Driver,20 to 24,,Palmerston-Little Italy
18120,2022-10-24 08:00:00,BLOOR ST W,OSSINGTON AV,North York,43.661982,-79.425624,Traffic Signal,Clear,Daylight,Dry,Non-Fatal Injury,Cyclist Collisions,Cyclist,20 to 24,Major,Palmerston-Little Italy
18121,2022-10-25 08:00:00,BLOOR ST W,DURIE ST,Toronto and East York,43.650427,-79.479053,Traffic Signal,Clear,Daylight,Dry,Non-Fatal Injury,Pedestrian Collisions,Driver,30 to 34,,High Park-Swansea
18122,2022-10-25 08:00:00,BLOOR ST W,DURIE ST,Toronto and East York,43.650427,-79.479053,Traffic Signal,Clear,Daylight,Dry,Non-Fatal Injury,Pedestrian Collisions,Pedestrian,90 to 94,Major,High Park-Swansea
18123,2022-10-26 08:00:00,KENNEDY RD,TROJAN GT,Scarborough,43.803809,-79.298167,Traffic Signal,Rain,Daylight,Wet,Non-Fatal Injury,Pedestrian Collisions,Driver,55 to 59,,Milliken
18124,2022-10-26 08:00:00,KENNEDY RD,TROJAN GT,Scarborough,43.803809,-79.298167,Traffic Signal,Rain,Daylight,Wet,Non-Fatal Injury,Pedestrian Collisions,Pedestrian,40 to 44,Major,Milliken