,DATE,STREET1,STREET2,DISTRICT,LATITUDE,LONGITUDE,TRAFFCTL,VISIBILITY,LIGHT,RDSFCOND,ACCLASS,IMPACTYPE,INVTYPE,INVAGE,INJURY,NEIGHBOURHOOD_158
18125,2022-10-28 08:00:00,BLOOR ST W,SALEM AVE,Toronto and East York,43.66059,-79.431628,No Control,Clear,Daylight,Dry,Non-Fatal Injury,Cyclist Collisions,Driver,55 to 59,Major,Dufferin Grove
18126,2022-10-28 08:00:00,BLOOR ST W,SALEM AVE,Toronto and East York,43.66059,-79.431628,No Control,Clear,Daylight,Dry,Non-Fatal Injury,Cyclist Collisions,Cyclist,40 to 44,Minor,Dufferin Grove
18127,2022-10-28 08:00:00,BATHURST ST,DUPONT ST,Toronto and East York,43.673144,-79.414356,Traffic Signal,Clear,"Dark, artificial",Dry,Non-Fatal Injury,Pedestrian Collisions,Truck Driver,35 to 39,,Annex
18128,2022-10-28 08:00:00,BATHURST ST,DUPONT ST,Toronto and East York,43.673144,-79.414356,Traffic Signal,Clear,"Dark, artificial",Dry,Non-Fatal Injury,Pedestrian Collisions,Pedestrian,70 to 74,Major,Annex
18129,2022-10-31 08:00:00,KINGSTON RD,WARDEN AVE,Scarborough,43.687659,-79.270877,Traffic Signal,Clear,"Dark, artificial",Dry,Non-Fatal Injury,Pedestrian Collisions,Driver,25 to 29,,Birchcliffe-Cliffside
18130,2022-10-31 08:00:00,KINGSTON RD,WARDEN AVE,Scarborough,43.687659,-79.270877,Traffic Signal,Clear,"Dark, artificial",Dry,Non-Fatal Injury,Pedestrian Collisions,Pedestrian,50 to 54,Major,Birchcliffe-Cliffside
18131,2022-11-01 08:00:00,540 Finch Ave W,,North York,43.773532,-79.444728,No Control,Rain,Daylight,Wet,Property Damage O,Pedestrian Collisions,Driver,45 to 49,,Westminster-Branson
18132,2022-11-01 08:00:00,540 Finch Ave W,,North York,43.773532,-79.444728,No Control,Rain,Daylight,Wet,Property Damage O,Pedestrian Collisions,Pedestrian,80 to 84,Major,Westminster-Branson
18133,2022-11-01 08:00:00,MARKHAM RD,EASTPARK BLVD,Scarborough,43.755606,-79.224025,Traffic Signal,Clear,Daylight,Dry,Fatal,Turning Movement,Motorcycle Driver,15 to 19,Fatal,Golfdale-Cedarbrae-Woburn
18134,2022-11-01 08:00:00,MARKHAM RD,EASTPARK BLVD,Scarborough,43.755606,-79.224025,Traffic Signal,Clear,Daylight,Dry,Fatal,Turning Movement,Driver,90 to 94,,Golfdale-Cedarbrae-Woburn
18135,2022-11-01 08:00:00,JANE ST,SPENVALLEY DR,North York,43.741233,-79.513652,Traffic Signal,Clear,"Dark, artificial",Dry,Non-Fatal Injury,Turning Movement,Driver,15 to 19,,Glenfield-Jane Heights
18136,2022-11-01 08:00:00,JANE ST,SPENVALLEY DR,North York,43.741233,-79.513652,Traffic Signal,Clear,"Dark, artificial",Dry,Non-Fatal Injury,Turning Movement,Driver,40 to 44,Minimal,Glenfield-Jane Heights
18137,2022-11-01 08:00:00,JANE ST,SPENVALLEY DR,North York,43.741233,-79.513652,Traffic Signal,Clear,"Dark, artificial",Dry,Non-Fatal Injury,Turning Movement,Passenger,35 to 39,Major,Glenfield-Jane Heights
18138,2022-11-01 08:00:00,JANE ST,SPENVALLEY DR,North York,43.741233,-79.513652,Traffic Signal,Clear,"Dark, artificial",Dry,Non-Fatal Injury,Turning Movement,Passenger,15 to 19,,Glenfield-Jane Heights
18139,2022-11-01 08:00:00,JANE ST,SPENVALLEY DR,North York,43.741233,-79.513652,Traffic Signal,Clear,"Dark, artificial",Dry,Non-Fatal Injury,Turning Movement,Passenger,20 to 24,Minimal,Glenfield-Jane Heights
18140,2022-11-02 08:00:00,YORK MILLS RD,OLD YONGE ST,North York,43.744746,-79.399562,No Control,Clear,"Daylight, artificial",Dry,Non-Fatal Injury,Cyclist Collisions,Driver,65 to 69,,Bridle Path-Sunnybrook-York Mills
18141,2022-11-02 08:00:00,YORK MILLS RD,OLD YONGE ST,North York,43.744746,-79.399562,No Control,Clear,"Daylight, artificial",Dry,Non-Fatal Injury,Cyclist Collisions,Cyclist,65 to 69,Major,Bridle Path-Sunnybrook-York Mills
18142,2022-11-03 08:00:00,LESLIE ST,RAVEL RD,North York,43.791484,-79.36835,Stop Sign,"Fog, Mist, Smoke, Dust",Daylight,Dry,Non-Fatal Injury,Pedestrian Collisions,Driver,55 to 59,,Hillcrest Village
18143,2022-11-03 08:00:00,LESLIE ST,RAVEL RD,North York,43.791484,-79.36835,Stop Sign,"Fog, Mist, Smoke, Dust",Daylight,Dry,Non-Fatal Injury,Pedestrian Collisions,Pedestrian,25 to 29,Major,Hillcrest Village
18144,2022-11-05 08:00:00,BATHURST ST,HARBORD ST,Toronto and East York,43.661509,-79.40974,Traffic Signal,Clear,"Dark, artificial",Dry,Non-Fatal Injury,Pedestrian Collisions,Driver,unknown,,University
18145,2022-11-05 08:00:00,BATHURST ST,HARBORD ST,Toronto and East York,43.661509,-79.40974,Traffic Signal,Clear,"Dark, artificial",Dry,Non-Fatal Injury,Pedestrian Collisions,Pedestrian,20 to 24,Major,University
18146,2022-11-05 08:00:00,7431 KINGSTON RD,,Scarborough,43.800692,-79.143199,No Control,Clear,Daylight,Dry,Non-Fatal Injury,Approaching,Driver,25 to 29,Major,West Rouge
18147,2022-11-05 08:00:00,7431 KINGSTON RD,,Scarborough,43.800692,-79.143199,No Control,Clear,Daylight,Dry,Non-Fatal Injury,Approaching,Driver,55 to 59,Minor,West Rouge
18148,2022-11-08 10:00:00,MILLWICK DR,ISLINGTON AVE,Etobicoke York,43.759955,-79.571773,Traffic Signal,Clear,"Dark, artificial",Dry,Non-Fatal Injury,Pedestrian Collisions,Driver,65 to 69,,Humber Summit
18149,2022-11-08 10:00:00,MILLWICK DR,ISLINGTON AVE,Etobicoke York,43.759955,-79.571773,Traffic Signal,Clear,"Dark, artificial",Dry,Non-Fatal Injury,Pedestrian Collisions,Pedestrian,45 to 49,Major,Humber Summit
18150,2022-11-09 10:00:00,BAYVIEW AVE,RUDDINGTON DR,North York,43.788016,-79.392719,Traffic Signal,Clear,Daylight,Dry,Non-Fatal Injury,Pedestrian Collisions,Driver,85 to 89,,Bayview Woods-Steeles
18151,2022-11-09 10:00:00,BAYVIEW AVE,RUDDINGTON DR,North York,43.788016,-79.392719,Traffic Signal,Clear,Daylight,Dry,Non-Fatal Injury,Pedestrian Collisions,Pedestrian,80 to 84,Major,Bayview Woods-Steeles
18152,2022-11-09 10:00:00,COLLEGE ST,ROXTON RD,Toronto and East York,43.654647,-79.421451,No Control,Clear,"Dark, artificial",Dry,Non-Fatal Injury,Cyclist Collisions,Cyclist,25 to 29,Major,Trinity-Bellwoods
18153,2022-11-09 10:00:00,COLLEGE ST,ROXTON RD,Toronto and East York,43.654647,-79.421451,No Control,Clear,"Dark, artificial",Dry,Non-Fatal Injury,Cyclist Collisions,Driver,15 to 19,,Trinity-Bellwoods
18154,2022-11-12 10:00:00,SHOREHAM DR,IAN MACDONALD BLVD,North York,43.772437,-79.511371,Traffic Signal,Clear,"Dark, artificial",Dry,Non-Fatal Injury,Pedestrian Collisions,Driver,unknown,,York University Heights
18155,2022-11-12 10:00:00,SHOREHAM DR,IAN MACDONALD BLVD,North York,43.772437,-79.511371,Traffic Signal,Clear,"Dark, artificial",Dry,Non-Fatal Injury,Pedestrian Collisions,Pedestrian,15 to 19,Major,York University Heights
18156,2022-11-13 10:00:00,ROYAL YORK RD,LELAND AVE,Etobicoke York,43.638873,-79.508479,No Control,Clear,Daylight,Dry,Non-Fatal Injury,SMV Other,Driver,65 to 69,Major,Stonegate-Queensway
18157,2022-11-13 10:00:00,PEARSON AV,SORAUREN AV,Toronto and East York,43.642966,-79.442165,Stop Sign,Clear,"Dusk, artificial",Dry,Non-Fatal Injury,Cyclist Collisions,Driver,65 to 69,,Roncesvalles
18158,2022-11-13 10:00:00,PEARSON AV,SORAUREN AV,Toronto and East York,43.642966,-79.442165,Stop Sign,Clear,"Dusk, artificial",Dry,Non-Fatal Injury,Cyclist Collisions,Cyclist,25 to 29,Major,Roncesvalles
18159,2022-11-15 10:00:00,MARTIN GROVE RD,ALBION RD,,43.7429,-79.594669,No Control,Clear,"Dusk, artificial",Wet,Non-Fatal Injury,Pedestrian Collisions,Driver,80 to 84,,Mount Olive-Silverstone-Jamestown
18160,2022-11-15 10:00:00,MARTIN GROVE RD,ALBION RD,,43.7429,-79.594669,No Control,Clear,"Dusk, artificial",Wet,Non-Fatal Injury,Pedestrian Collisions,Pedestrian,30 to 34,Major,Mount Olive-Silverstone-Jamestown
18161,2022-11-15 10:00:00,DON MILLS RD,DVP S DON MILLS S RAMP RD,Toronto and East York,43.701083,-79.337535,No Control,Rain,Dusk,Wet,Fatal,Rear End,Driver,75 to 79,Fatal,Old East York
18162,2022-11-15 10:00:00,DON MILLS RD,DVP S DON MILLS S RAMP RD,Toronto and East York,43.701083,-79.337535,No Control,Rain,Dusk,Wet,Fatal,Rear End,Driver,45 to 49,,Old East York
18163,2022-11-15 10:00:00,WILSON HEIGHTS BV,REINER RD,North York,43.748702,-79.454868,Traffic Signal,Snow,"Dark, artificial",Wet,Non-Fatal Injury,Pedestrian Collisions,Driver,50 to 54,,Clanton Park
18164,2022-11-15 10:00:00,WILSON HEIGHTS BV,REINER RD,North York,43.748702,-79.454868,Traffic Signal,Snow,"Dark, artificial",Wet,Non-Fatal Injury,Pedestrian Collisions,Pedestrian,25 to 29,Major,Clanton Park
18165,2022-11-17 10:00:00,519 OLD WESTON RD,,Toronto and East York,43.67723,-79.464153,No Control,Clear,Daylight,Dry,Non-Fatal Injury,Approaching,Driver,40 to 44,Major,Weston-Pelham Park
18166,2022-11-17 10:00:00,519 OLD WESTON RD,,Toronto and East York,43.67723,-79.464153,No Control,Clear,Daylight,Dry,Non-Fatal Injury,Approaching,Driver,65 to 69,,Weston-Pelham Park
18167,2022-11-17 10:00:00,519 OLD WESTON RD,,Toronto and East York,43.67723,-79.464153,No Control,Clear,Daylight,Dry,Non-Fatal Injury,Approaching,Driver,40 to 44,,Weston-Pelham Park
18168,2022-11-17 10:00:00,519 OLD WESTON RD,,Toronto and East York,43.67723,-79.464153,No Control,Clear,Daylight,Dry,Non-Fatal Injury,Approaching,Passenger,10 to 14,,Weston-Pelham Park
18169,2022-11-21 10:00:00,KIPLING AVE,REDWATER DR,Etobicoke York,43.715514,-79.568485,Traffic Signal,Clear,Daylight,Dry,Non-Fatal Injury,Turning Movement,Driver,30 to 34,,Rexdale-Kipling
18170,2022-11-21 10:00:00,KIPLING AVE,REDWATER DR,Etobicoke York,43.715514,-79.568485,Traffic Signal,Clear,Daylight,Dry,Non-Fatal Injury,Turning Movement,Driver,70 to 74,Major,Rexdale-Kipling
18171,2022-11-21 10:00:00,KIPLING AVE,REDWATER DR,Etobicoke York,43.715514,-79.568485,Traffic Signal,Clear,Daylight,Dry,Non-Fatal Injury,Turning Movement,Driver,35 to 39,,Rexdale-Kipling
18172,2022-11-21 10:00:00,KIPLING AVE,REDWATER DR,Etobicoke York,43.715514,-79.568485,Traffic Signal,Clear,Daylight,Dry,Non-Fatal Injury,Turning Movement,Passenger,60 to 64,Major,Rexdale-Kipling
18173,2022-11-21 10:00:00,KINGSTON RD,SHEPPARD AVE E,Scarborough,43.803805,-79.137714,No Control,Clear,Daylight,Dry,Non-Fatal Injury,Cyclist Collisions,Driver,70 to 74,,West Rouge
18174,2022-11-21 10:00:00,KINGSTON RD,SHEPPARD AVE E,Scarborough,43.803805,-79.137714,No Control,Clear,Daylight,Dry,Non-Fatal Injury,Cyclist Collisions,Cyclist,55 to 59,Major,West Rouge
18175,2022-11-21 10:00:00,JANE ST,SPENVALLEY DR,North York,43.741168,-79.513637,Traffic Signal,Clear,"Dark, artificial",Dry,Non-Fatal Injury,Rear End,Driver,55 to 59,,Glenfield-Jane Heights
18176,2022-11-21 10:00:00,JANE ST,SPENVALLEY DR,North York,43.741168,-79.513637,Traffic Signal,Clear,"Dark, artificial",Dry,Non-Fatal Injury,Rear End,Driver,65 to 69,,Glenfield-Jane Heights
18177,2022-11-21 10:00:00,JANE ST,SPENVALLEY DR,North York,43.741168,-79.513637,Traffic Signal,Clear,"Dark, artificial",Dry,Non-Fatal Injury,Rear End,Driver,40 to 44,Minimal,Glenfield-Jane Heights
18178,2022-11-21 10:00:00,JANE ST,SPENVALLEY DR,North York,43.741168,-79.513637,Traffic Signal,Clear,"Dark, artificial",Dry,Non-Fatal Injury,Rear End,Passenger,25 to 29,Major,Glenfield-Jane Heights
18179,2022-11-23 10:00:00,ST CLAIR AVE E,YONGE ST,Scarborough,43.68801,-79.394099,Traffic Signal,Clear,Daylight,Dry,Fatal,Cyclist Collisions,Cyclist,20 to 24,Fatal,Rosedale-Moore Park
18180,2022-11-23 10:00:00,ST CLAIR AVE E,YONGE ST,Scarborough,43.68801,-79.394099,Traffic Signal,Clear,Daylight,Dry,Fatal,Cyclist Collisions,Driver,60 to 64,,Rosedale-Moore Park
18181,2022-11-25 10:00:00,1100 QUEEN ST W,,Toronto and East York,43.643286,-79.422908,No Control,Clear,Daylight,Dry,Non-Fatal Injury,Pedestrian Collisions,Driver,85 to 89,,Little Portugal
18182,2022-11-25 10:00:00,1100 QUEEN ST W,,Toronto and East York,43.643286,-79.422908,No Control,Clear,Daylight,Dry,Non-Fatal Injury,Pedestrian Collisions,Pedestrian,20 to 24,Major,Little Portugal
18183,2022-11-25 10:00:00,PAPE AVE,BROWNING AVE,Toronto and East York,43.683192,-79.346416,No Control,Clear,"Dark, artificial",Dry,Non-Fatal Injury,Sideswipe,Driver,30 to 34,,Danforth East York
18184,2022-11-25 10:00:00,PAPE AVE,BROWNING AVE,Toronto and East York,43.683192,-79.346416,No Control,Clear,"Dark, artificial",Dry,Non-Fatal Injury,Sideswipe,Driver,15 to 19,Minor,Danforth East York
18185,2022-11-25 10:00:00,PAPE AVE,BROWNING AVE,Toronto and East York,43.683192,-79.346416,No Control,Clear,"Dark, artificial",Dry,Non-Fatal Injury,Sideswipe,Driver,25 to 29,Minimal,Danforth East York
18186,2022-11-25 10:00:00,PAPE AVE,BROWNING AVE,Toronto and East York,43.683192,-79.346416,No Control,Clear,"Dark, artificial",Dry,Non-Fatal Injury,Sideswipe,Passenger,25 to 29,Major,Danforth East York
18187,2022-11-26 10:00:00,KINGSTON RD,401 C E 2A W RAMP,Scarborough,43.794814,-79.152499,Traffic Signal,Clear,Daylight,Dry,Non-Fatal Injury,Turning Movement,Driver,65 to 69,,Centennial Scarborough
18188,2022-11-26 10:00:00,KINGSTON RD,401 C E 2A W RAMP,Scarborough,43.794814,-79.152499,Traffic Signal,Clear,Daylight,Dry,Non-Fatal Injury,Turning Movement,Driver,35 to 39,Minor,Centennial Scarborough
18189,2022-11-26 10:00:00,KINGSTON RD,401 C E 2A W RAMP,Scarborough,43.794814,-79.152499,Traffic Signal,Clear,Daylight,Dry,Non-Fatal Injury,Turning Movement,Passenger,45 to 49,,Centennial Scarborough
18190,2022-11-26 10:00:00,KINGSTON RD,401 C E 2A W RAMP,Scarborough,43.794814,-79.152499,Traffic Signal,Clear,Daylight,Dry,Non-Fatal Injury,Turning Movement,Passenger,20 to 24,Major,Centennial Scarborough
18191,2022-11-26 10:00:00,LAKE SHORE BV W,LONG BRANCH AV,Etobicoke York,43.594088,-79.534808,No Control,Clear,Daylight,Dry,Non-Fatal Injury,Pedestrian Collisions,,85 to 89,,Long Branch
18192,2022-11-26 10:00:00,LAKE SHORE BV W,LONG BRANCH AV,Etobicoke York,43.594088,-79.534808,No Control,Clear,Daylight,Dry,Non-Fatal Injury,Pedestrian Collisions,Pedestrian,75 to 79,Major,Long Branch
18193,2022-11-26 10:00:00,MARKHAM RD,KINGSTON RD,Scarborough,43.738677,-79.216975,Traffic Signal,Clear,Daylight,Dry,Non-Fatal Injury,Turning Movement,Driver,55 to 59,Major,Scarborough Village
18194,2022-11-26 10:00:00,MARKHAM RD,KINGSTON RD,Scarborough,43.738677,-79.216975,Traffic Signal,Clear,Daylight,Dry,Non-Fatal Injury,Turning Movement,Driver,20 to 24,Minor,Scarborough Village
18195,2022-11-27 10:00:00,BATHURST ST,FORT YORK BLVD,Toronto and East York,43.638747,-79.400577,Traffic Signal,Rain,"Dark, artificial",Wet,Non-Fatal Injury,Pedestrian Collisions,Driver,35 to 39,,Harbourfront-CityPlace
18196,2022-11-27 10:00:00,BATHURST ST,FORT YORK BLVD,Toronto and East York,43.638747,-79.400577,Traffic Signal,Rain,"Dark, artificial",Wet,Non-Fatal Injury,Pedestrian Collisions,Pedestrian,20 to 24,Major,Harbourfront-CityPlace
18197,2022-11-27 10:00:00,ALBION RD,TODD BROOK DR,Etobicoke York,43.73828,-79.57162,No Control,Rain,"Dark, artificial",Wet,Property Damage O,Pedestrian Collisions,Driver,40 to 44,,Thistletown-Beaumond Heights
18198,2022-11-27 10:00:00,ALBION RD,TODD BROOK DR,Etobicoke York,43.73828,-79.57162,No Control,Rain,"Dark, artificial",Wet,Property Damage O,Pedestrian Collisions,Pedestrian,45 to 49,Major,Thistletown-Beaumond Heights
18199,2022-11-28 10:00:00,LINDEN AVE,HARMONY AVE,Scarborough,43.72008,-79.25677,No Control,Clear,Daylight,Dry,Non-Fatal Injury,Pedestrian Collisions,Driver,35 to 39,,Kennedy Park
18200,2022-11-28 10:00:00,LINDEN AVE,HARMONY AVE,Scarborough,43.72008,-79.25677,No Control,Clear,Daylight,Dry,Non-Fatal Injury,Pedestrian Collisions,Pedestrian,10 to 14,Major,Kennedy Park
18201,2022-12-01 10:00:00,BLUE JAYS WY,FRONT ST W,Toronto and East York,43.643412,-79.391261,Traffic Signal,Clear,Dark,Dry,Non-Fatal Injury,Cyclist Collisions,Driver,unknown,,Harbourfront-CityPlace
18202,2022-12-01 10:00:00,BLUE JAYS WY,FRONT ST W,Toronto and East York,43.643412,-79.391261,Traffic Signal,Clear,Dark,Dry,Non-Fatal Injury,Cyclist Collisions,Cyclist,20 to 24,Major,Harbourfront-CityPlace
18203,2022-12-02 10:00:00,21 MILVAN DR,,,43.75289,-79.553554,No Control,Clear,"Dark, artificial",Dry,Non-Fatal Injury,SMV Other,Driver,25 to 29,Major,Humber Summit
18204,2022-12-02 10:00:00,ALEXMUIR BLVD,HOMEDALE DR,,43.810485,-79.282162,Stop Sign,Clear,Daylight,Dry,Non-Fatal Injury,SMV Other,Driver,40 to 44,Major,Agincourt North
18205,2022-12-02 10:00:00,ALEXMUIR BLVD,HOMEDALE DR,,43.810485,-79.282162,Stop Sign,Clear,Daylight,Dry,Non-Fatal Injury,SMV Other,Passenger,5 to 9,,Agincourt North
18206,2022-12-03 10:00:00,EGLINTON AVE E,GILDER DR,Scarborough,43.735591,-79.252673,No Control,Clear,Daylight,Wet,Non-Fatal Injury,Rear End,Driver,35 to 39,Major,Kennedy Park
18207,2022-12-03 10:00:00,EGLINTON AVE E,GILDER DR,Scarborough,43.735591,-79.252673,No Control,Clear,Daylight,Wet,Non-Fatal Injury,Rear End,Driver,25 to 29,Minimal,Kennedy Park
18208,2022-12-03 10:00:00,EGLINTON AVE E,GILDER DR,Scarborough,43.735591,-79.252673,No Control,Clear,Daylight,Wet,Non-Fatal Injury,Rear End,Driver,50 to 54,,Kennedy Park
18209,2022-12-03 10:00:00,EGLINTON AVE E,GILDER DR,Scarborough,43.735591,-79.252673,No Control,Clear,Daylight,Wet,Non-Fatal Injury,Rear End,Passenger,25 to 29,Minimal,Kennedy Park
18210,2022-12-04 10:00:00,YONGE ST,GLEBE RD W,,43.700851,-79.397136,Stop Sign,Clear,Daylight,Dry,Non-Fatal Injury,Turning Movement,Driver,35 to 39,,South Eglinton-Davisville
18211,2022-12-04 10:00:00,YONGE ST,GLEBE RD W,,43.700851,-79.397136,Stop Sign,Clear,Daylight,Dry,Non-Fatal Injury,Turning Movement,Motorcycle Driver,45 to 49,Major,South Eglinton-Davisville
18212,2022-12-04 10:00:00,YONGE ST,GLEBE RD W,,43.700851,-79.397136,Stop Sign,Clear,Daylight,Dry,Non-Fatal Injury,Turning Movement,Passenger,40 to 44,Minimal,South Eglinton-Davisville
18213,2022-12-05 10:00:00,INNISWOOD DR,HOWARTH AVE,Scarborough,43.73823,-79.305957,No Control,Clear,Daylight,Dry,Non-Fatal Injury,Pedestrian Collisions,Driver,40 to 44,,Wexford/Maryvale
18214,2022-12-05 10:00:00,INNISWOOD DR,HOWARTH AVE,Scarborough,43.73823,-79.305957,No Control,Clear,Daylight,Dry,Non-Fatal Injury,Pedestrian Collisions,Passenger,10 to 14,,Wexford/Maryvale
18215,2022-12-05 10:00:00,INNISWOOD DR,HOWARTH AVE,Scarborough,43.73823,-79.305957,No Control,Clear,Daylight,Dry,Non-Fatal Injury,Pedestrian Collisions,Pedestrian,10 to 14,Major,Wexford/Maryvale
18216,2022-12-05 10:00:00,LAWRENCE AV E,CURLEW DRIVE,North York,43.741168,-79.317989,No Control,Clear,"Dark, artificial",Dry,Non-Fatal Injury,Pedestrian Collisions,Driver,55 to 59,,Victoria Village
18217,2022-12-05 10:00:00,LAWRENCE AV E,CURLEW DRIVE,North York,43.741168,-79.317989,No Control,Clear,"Dark, artificial",Dry,Non-Fatal Injury,Pedestrian Collisions,Driver,20 to 24,,Victoria Village
18218,2022-12-05 10:00:00,LAWRENCE AV E,CURLEW DRIVE,North York,43.741168,-79.317989,No Control,Clear,"Dark, artificial",Dry,Non-Fatal Injury,Pedestrian Collisions,Pedestrian,60 to 64,Major,Victoria Village
18219,2022-12-07 10:00:00,WILSON HEIGHTS BLVD,KENNARD AVE,,43.760242,-79.464222,Stop Sign,Clear,"Dark, artificial",Dry,Non-Fatal Injury,SMV Other,Driver,30 to 34,Major,Bathurst Manor
18220,2022-12-09 10:00:00,JANE ST,FINCH AVE W,,43.755824,-79.517314,No Control,Clear,Daylight,Dry,Non-Fatal Injury,Pedestrian Collisions,Driver,55 to 59,,Glenfield-Jane Heights
18221,2022-12-09 10:00:00,JANE ST,FINCH AVE W,,43.755824,-79.517314,No Control,Clear,Daylight,Dry,Non-Fatal Injury,Pedestrian Collisions,Pedestrian,40 to 44,Major,Glenfield-Jane Heights
18222,2022-12-09 10:00:00,MCCOWAN RD,ELLESMERE RD,Scarborough,43.772727,-79.251537,No Control,Clear,"Dark, artificial",Dry,Non-Fatal Injury,Sideswipe,Driver,75 to 79,,Woburn North
18223,2022-12-09 10:00:00,MCCOWAN RD,ELLESMERE RD,Scarborough,43.772727,-79.251537,No Control,Clear,"Dark, artificial",Dry,Non-Fatal Injury,Sideswipe,Driver,15 to 19,Major,Woburn North
18224,2022-12-12 10:00:00,DUNDAS ST W,SPADINA AVE,Toronto and East York,43.652869,-79.398006,Traffic Signal,Clear,Daylight,Dry,Fatal,Pedestrian Collisions,Driver,55 to 59,,Kensington-Chinatown
18225,2022-12-12 10:00:00,DUNDAS ST W,SPADINA AVE,Toronto and East York,43.652869,-79.398006,Traffic Signal,Clear,Daylight,Dry,Fatal,Pedestrian Collisions,Pedestrian,70 to 74,Fatal,Kensington-Chinatown
18226,2022-12-13 10:00:00,STEELES AVE W,KIPLING AVE,Etobicoke York,43.759535,-79.589862,Traffic Signal,Clear,Daylight,Dry,Fatal,Turning Movement,Driver,80 to 84,Fatal,Mount Olive-Silverstone-Jamestown
18227,2022-12-13 10:00:00,STEELES AVE W,KIPLING AVE,Etobicoke York,43.759535,-79.589862,Traffic Signal,Clear,Daylight,Dry,Fatal,Turning Movement,Driver,30 to 34,Minor,Mount Olive-Silverstone-Jamestown
18228,2022-12-13 10:00:00,STEELES AVE W,KIPLING AVE,Etobicoke York,43.759535,-79.589862,Traffic Signal,Clear,Daylight,Dry,Fatal,Turning Movement,Passenger,0 to 4,Minor,Mount Olive-Silverstone-Jamestown
18229,2022-12-13 10:00:00,STEELES AVE W,KIPLING AVE,Etobicoke York,43.759535,-79.589862,Traffic Signal,Clear,Daylight,Dry,Fatal,Turning Movement,Truck Driver,60 to 64,,Mount Olive-Silverstone-Jamestown
18230,2022-12-13 10:00:00,AVENUE RD,LONSDALE RD,Toronto and East York,43.690657,-79.403026,Traffic Signal,Clear,"Dark, artificial",Dry,Non-Fatal Injury,Turning Movement,Driver,35 to 39,Major,Yonge-St.Clair
18231,2022-12-13 10:00:00,AVENUE RD,LONSDALE RD,Toronto and East York,43.690657,-79.403026,Traffic Signal,Clear,"Dark, artificial",Dry,Non-Fatal Injury,Turning Movement,Driver,40 to 44,Minor,Yonge-St.Clair
18232,2022-12-15 10:00:00,MAITLAND PL,HOMEWOOD AVE,Toronto and East York,43.665648,-79.375507,No Control,Freezing Rain,Daylight,Wet,Non-Fatal Injury,Pedestrian Collisions,Driver,60 to 64,Major,Cabbagetown-South St.James Town
18233,2022-12-15 10:00:00,MAITLAND PL,HOMEWOOD AVE,Toronto and East York,43.665648,-79.375507,No Control,Freezing Rain,Daylight,Wet,Non-Fatal Injury,Pedestrian Collisions,Pedestrian,unknown,Minor,Cabbagetown-South St.James Town
18234,2022-12-15 10:00:00,SHAW ST,KING ST W,Toronto and East York,43.641364,-79.414981,Traffic Signal,Freezing Rain,"Dark, artificial",Slush,Non-Fatal Injury,Pedestrian Collisions,Driver,25 to 29,,West Queen West
18235,2022-12-15 10:00:00,SHAW ST,KING ST W,Toronto and East York,43.641364,-79.414981,Traffic Signal,Freezing Rain,"Dark, artificial",Slush,Non-Fatal Injury,Pedestrian Collisions,Pedestrian,65 to 69,Major,West Queen West
18236,2022-12-15 10:00:00,936 DIXON RD,,Etobicoke York,43.686591,-79.597255,No Control,Snow,Dark,Loose Snow,Non-Fatal Injury,Pedestrian Collisions,Driver,50 to 54,,West Humber-Clairville
18237,2022-12-15 10:00:00,936 DIXON RD,,Etobicoke York,43.686591,-79.597255,No Control,Snow,Dark,Loose Snow,Non-Fatal Injury,Pedestrian Collisions,Pedestrian,25 to 29,Major,West Humber-Clairville
18238,2022-12-15 10:00:00,936 DIXON RD,,Etobicoke York,43.686591,-79.597255,No Control,Snow,Dark,Loose Snow,Non-Fatal Injury,Pedestrian Collisions,Pedestrian,40 to 44,Minor,West Humber-Clairville
18239,2022-12-18 10:00:00,LAKE SHORE BLVD E,LOWER JARVIS ST,Toronto and East York,43.645507,-79.369792,Traffic Signal,Clear,"Dark, artificial",Dry,Non-Fatal Injury,Cyclist Collisions,Cyclist,40 to 44,Major,St Lawrence-East Bayfront-The Islands
18240,2022-12-18 10:00:00,LAKE SHORE BLVD E,LOWER JARVIS ST,Toronto and East York,43.645507,-79.369792,Traffic Signal,Clear,"Dark, artificial",Dry,Non-Fatal Injury,Cyclist Collisions,Driver,25 to 29,,St Lawrence-East Bayfront-The Islands
18241,2022-12-18 10:00:00,LAKE SHORE BLVD E,LOWER JARVIS ST,Toronto and East York,43.645507,-79.369792,Traffic Signal,Clear,"Dark, artificial",Dry,Non-Fatal Injury,Cyclist Collisions,Passenger,25 to 29,,St Lawrence-East Bayfront-The Islands