,DATE,STREET1,STREET2,DISTRICT,LATITUDE,LONGITUDE,TRAFFCTL,VISIBILITY,LIGHT,RDSFCOND,ACCLASS,IMPACTYPE,INVTYPE,INVAGE,INJURY,NEIGHBOURHOOD_158
18477,2023-06-18 08:00:00,LAWRENCE AV E,PHARMACY AV,,43.743247,-79.304607,Traffic Signal,Clear,Daylight,Dry,Non-Fatal Injury,Angle,Driver,50 to 54,Minimal,Wexford/Maryvale
18478,2023-06-18 08:00:00,LAWRENCE AV E,PHARMACY AV,,43.743247,-79.304607,Traffic Signal,Clear,Daylight,Dry,Non-Fatal Injury,Angle,Passenger,60 to 64,Major,Wexford/Maryvale
18479,2023-06-18 08:00:00,LAWRENCE AV E,PHARMACY AV,,43.743247,-79.304607,Traffic Signal,Clear,Daylight,Dry,Non-Fatal Injury,Angle,Passenger,20 to 24,Minimal,Wexford/Maryvale
18480,2023-06-20 08:00:00,MILNER AVE,MORNINGSIDE AV,Scarborough,43.79959,-79.201328,No Control,Clear,Daylight,Dry,Non-Fatal Injury,Pedestrian Collisions,Driver,15 to 19,,Malvern East
18481,2023-06-20 08:00:00,MILNER AVE,MORNINGSIDE AV,Scarborough,43.79959,-79.201328,No Control,Clear,Daylight,Dry,Non-Fatal Injury,Pedestrian Collisions,Pedestrian,10 to 14,Major,Malvern East
18482,2023-06-20 08:00:00,DANFORTH AV,WOODBINE AV,Toronto and East York,43.685595,-79.31274,Traffic Signal,Clear,"Dark, artificial",Dry,Non-Fatal Injury,Cyclist Collisions,Cyclist,30 to 34,Major,East End-Danforth
18483,2023-06-20 08:00:00,DANFORTH AV,WOODBINE AV,Toronto and East York,43.685595,-79.31274,Traffic Signal,Clear,"Dark, artificial",Dry,Non-Fatal Injury,Cyclist Collisions,Driver,30 to 34,,East End-Danforth
18484,2023-06-21 08:00:00,QUEEN ST E,BEECH AV,Toronto and East York,43.672633,-79.287204,No Control,Clear,Daylight,Dry,Non-Fatal Injury,Cyclist Collisions,Driver,65 to 69,,The Beaches
18485,2023-06-21 08:00:00,QUEEN ST E,BEECH AV,Toronto and East York,43.672633,-79.287204,No Control,Clear,Daylight,Dry,Non-Fatal Injury,Cyclist Collisions,Cyclist,65 to 69,Major,The Beaches
18486,2023-06-22 08:00:00,PARLIAMENT ST,FRONT ST E,Toronto and East York,43.651572,-79.362705,Traffic Signal,Clear,Daylight,Dry,Non-Fatal Injury,Angle,Driver,50 to 54,Minimal,St Lawrence-East Bayfront-The Islands
18487,2023-06-22 08:00:00,PARLIAMENT ST,FRONT ST E,Toronto and East York,43.651572,-79.362705,Traffic Signal,Clear,Daylight,Dry,Non-Fatal Injury,Angle,Driver,45 to 49,Major,St Lawrence-East Bayfront-The Islands
18488,2023-06-23 08:00:00,DUFFERIN ST,SYLVAN AV,Toronto and East York,43.654734,-79.433391,Traffic Signal,Clear,Daylight,Dry,Non-Fatal Injury,Pedestrian Collisions,Truck Driver,25 to 29,,Dufferin Grove
18489,2023-06-23 08:00:00,DUFFERIN ST,SYLVAN AV,Toronto and East York,43.654734,-79.433391,Traffic Signal,Clear,Daylight,Dry,Non-Fatal Injury,Pedestrian Collisions,Pedestrian,80 to 84,Major,Dufferin Grove
18490,2023-06-23 08:00:00,SHEPPARD AVE W,BEECROFT RD,North York,43.760932,-79.413089,Traffic Signal,Rain,Daylight,Wet,Non-Fatal Injury,Angle,Driver,40 to 44,,Lansing-Westgate
18491,2023-06-23 08:00:00,SHEPPARD AVE W,BEECROFT RD,North York,43.760932,-79.413089,Traffic Signal,Rain,Daylight,Wet,Non-Fatal Injury,Angle,Driver,35 to 39,Major,Lansing-Westgate
18492,2023-06-24 08:00:00,GARDINER E LOWER JARVIS RAMP,LOWER JARVIS ST,Toronto and East York,43.645449,-79.369914,No Control,Clear,"Dark, artificial",Dry,Fatal,Pedestrian Collisions,Pedestrian,20 to 24,Fatal,St Lawrence-East Bayfront-The Islands
18493,2023-06-24 08:00:00,GARDINER E LOWER JARVIS RAMP,LOWER JARVIS ST,Toronto and East York,43.645449,-79.369914,No Control,Clear,"Dark, artificial",Dry,Fatal,Pedestrian Collisions,Driver,65 to 69,,St Lawrence-East Bayfront-The Islands
18494,2023-06-27 08:00:00,JANE ST,YEWTREE BLVD,North York,43.754862,-79.51704,Traffic Signal,Clear,Daylight,Dry,Non-Fatal Injury,Pedestrian Collisions,Driver,50 to 54,,Glenfield-Jane Heights
18495,2023-06-27 08:00:00,JANE ST,YEWTREE BLVD,North York,43.754862,-79.51704,Traffic Signal,Clear,Daylight,Dry,Non-Fatal Injury,Pedestrian Collisions,Pedestrian,45 to 49,Major,Glenfield-Jane Heights
18496,2023-06-27 08:00:00,EGLINTON AV W,WILLOWRIDGE RD,Etobicoke York,43.674327,-79.565357,Traffic Signal,Clear,"Dark, artificial",Dry,Non-Fatal Injury,SMV Other,Motorcycle Driver,20 to 24,Major,Willowridge-Martingrove-Richview
18497,2023-06-27 08:00:00,LOWER SIMCOE ST,GRAND TRUNK CRES,Toronto and East York,43.640998,-79.383472,No Control,Clear,"Dark, artificial",Dry,Non-Fatal Injury,Pedestrian Collisions,Pedestrian,30 to 34,Major,Harbourfront-CityPlace
18498,2023-06-28 08:00:00,WESTON RD,CORONADO CT,North York,43.740245,-79.53976,Traffic Signal,Clear,Daylight,Dry,Non-Fatal Injury,SMV Other,Driver,25 to 29,,Humbermede
18499,2023-06-28 08:00:00,WESTON RD,CORONADO CT,North York,43.740245,-79.53976,Traffic Signal,Clear,Daylight,Dry,Non-Fatal Injury,SMV Other,Passenger,70 to 74,Major,Humbermede
18500,2023-06-28 08:00:00,LAKE SHORE BV E,LOWER JARVIS ST,Toronto and East York,43.645548,-79.369792,Traffic Signal,Clear,Daylight,Dry,Non-Fatal Injury,Turning Movement,Driver,80 to 84,,St Lawrence-East Bayfront-The Islands
18501,2023-06-28 08:00:00,LAKE SHORE BV E,LOWER JARVIS ST,Toronto and East York,43.645548,-79.369792,Traffic Signal,Clear,Daylight,Dry,Non-Fatal Injury,Turning Movement,Driver,25 to 29,Major,St Lawrence-East Bayfront-The Islands
18502,2023-06-28 08:00:00,LAKE SHORE BV E,LOWER JARVIS ST,Toronto and East York,43.645548,-79.369792,Traffic Signal,Clear,Daylight,Dry,Non-Fatal Injury,Turning Movement,Passenger,50 to 54,,St Lawrence-East Bayfront-The Islands
18503,2023-06-28 08:00:00,LAKE SHORE BV E,LOWER JARVIS ST,Toronto and East York,43.645548,-79.369792,Traffic Signal,Clear,Daylight,Dry,Non-Fatal Injury,Turning Movement,Passenger,15 to 19,,St Lawrence-East Bayfront-The Islands
18504,2023-06-28 08:00:00,LAKE SHORE BV E,LOWER JARVIS ST,Toronto and East York,43.645548,-79.369792,Traffic Signal,Clear,Daylight,Dry,Non-Fatal Injury,Turning Movement,Passenger,80 to 84,,St Lawrence-East Bayfront-The Islands
18505,2023-06-28 08:00:00,26 GERRARD ST E,YONGE ST,Toronto and East York,43.659205,-79.381557,No Control,Clear,Daylight,Dry,Non-Fatal Injury,Cyclist Collisions,Cyclist,35 to 39,Major,Downtown Yonge East
18506,2023-06-28 08:00:00,26 GERRARD ST E,YONGE ST,Toronto and East York,43.659205,-79.381557,No Control,Clear,Daylight,Dry,Non-Fatal Injury,Cyclist Collisions,Driver,55 to 59,,Downtown Yonge East
18507,2023-06-28 08:00:00,WOLFE AV,COMMONWEALTH AV,,43.727428,-79.25365,Traffic Signal,Clear,"Dark, artificial",Dry,Non-Fatal Injury,,Driver,unknown,,Kennedy Park
18508,2023-06-28 08:00:00,WOLFE AV,COMMONWEALTH AV,,43.727428,-79.25365,Traffic Signal,Clear,"Dark, artificial",Dry,Non-Fatal Injury,,Motorcycle Driver,60 to 64,Major,Kennedy Park
18509,2023-06-29 08:00:00,DON VALLEY PKWY N,LAWRENCE W DVP N RAMP,North York,43.742407,-79.33208,No Control,Clear,Daylight,Dry,Non-Fatal Injury,SMV Other,Driver,40 to 44,Major,Parkwoods-O'Connor Hills
18510,2023-06-29 08:00:00,SPADINA AV,BALDWIN ST,Toronto and East York,43.655223,-79.398967,No Control,Clear,Daylight,Dry,Non-Fatal Injury,Pedestrian Collisions,Motorcycle Driver,25 to 29,,Kensington-Chinatown
18511,2023-06-29 08:00:00,SPADINA AV,BALDWIN ST,Toronto and East York,43.655223,-79.398967,No Control,Clear,Daylight,Dry,Non-Fatal Injury,Pedestrian Collisions,Pedestrian,70 to 74,Major,Kensington-Chinatown
18512,2023-06-29 08:00:00,KENNEDY RD,FINCH AV,,43.801391,-79.296474,Traffic Signal,Clear,"Dark, artificial",Dry,Non-Fatal Injury,Pedestrian Collisions,Driver,45 to 49,,Milliken
18513,2023-06-29 08:00:00,KENNEDY RD,FINCH AV,,43.801391,-79.296474,Traffic Signal,Clear,"Dark, artificial",Dry,Non-Fatal Injury,Pedestrian Collisions,Pedestrian,45 to 49,Major,Milliken
18514,2023-06-30 08:00:00,MCCOWAN RD,ELLESMERE RD,Scarborough,43.772193,-79.250842,No Control,Clear,Daylight,Dry,Non-Fatal Injury,Rear End,Driver,40 to 44,Major,Woburn North
18515,2023-06-30 08:00:00,MCCOWAN RD,ELLESMERE RD,Scarborough,43.772193,-79.250842,No Control,Clear,Daylight,Dry,Non-Fatal Injury,Rear End,Driver,70 to 74,,Woburn North
18516,2023-06-30 08:00:00,KENNEDY RD,WICKWARE GT,,43.75323,-79.276256,Traffic Signal,Clear,Daylight,Dry,Non-Fatal Injury,Pedestrian Collisions,Driver,30 to 34,,Dorset Park
18517,2023-06-30 08:00:00,KENNEDY RD,WICKWARE GT,,43.75323,-79.276256,Traffic Signal,Clear,Daylight,Dry,Non-Fatal Injury,Pedestrian Collisions,Pedestrian,15 to 19,Major,Dorset Park
18518,2023-07-01 08:00:00,BROCK AV,CROATIA ST,,43.657577,-79.438526,Stop Sign,Clear,Daylight,Dry,Non-Fatal Injury,Pedestrian Collisions,Driver,50 to 54,,Dufferin Grove
18519,2023-07-01 08:00:00,BROCK AV,CROATIA ST,,43.657577,-79.438526,Stop Sign,Clear,Daylight,Dry,Non-Fatal Injury,Pedestrian Collisions,Pedestrian,70 to 74,Major,Dufferin Grove
18520,2023-07-03 08:00:00,MORNINGSIDE AVE,MORNINGVIEW TRL,Scarborough,43.812186,-79.204555,No Control,Clear,"Dark, artificial",Dry,Fatal,Pedestrian Collisions,Pedestrian,35 to 39,Fatal,Malvern East
18521,2023-07-03 08:00:00,MORNINGSIDE AVE,MORNINGVIEW TRL,Scarborough,43.812186,-79.204555,No Control,Clear,"Dark, artificial",Dry,Fatal,Pedestrian Collisions,Driver,25 to 29,,Malvern East
18522,2023-07-04 08:00:00,ADELAIDE ST W,SPADINA AV,North York,43.646742,-79.395534,Traffic Signal,Clear,"Dark, artificial",Dry,Non-Fatal Injury,Cyclist Collisions,Driver,25 to 29,,Wellington Place
18523,2023-07-04 08:00:00,ADELAIDE ST W,SPADINA AV,North York,43.646742,-79.395534,Traffic Signal,Clear,"Dark, artificial",Dry,Non-Fatal Injury,Cyclist Collisions,Cyclist,35 to 39,Major,Wellington Place
18524,2023-07-05 08:00:00,EGLINTON AV W,OAKWOOD AV,,43.697086,-79.443744,Traffic Signal,Clear,"Dark, artificial",Dry,Non-Fatal Injury,Turning Movement,Driver,35 to 39,,Oakwood Village
18525,2023-07-05 08:00:00,EGLINTON AV W,OAKWOOD AV,,43.697086,-79.443744,Traffic Signal,Clear,"Dark, artificial",Dry,Non-Fatal Injury,Turning Movement,Motorcycle Driver,35 to 39,,Oakwood Village
18526,2023-07-05 08:00:00,EGLINTON AV W,OAKWOOD AV,,43.697086,-79.443744,Traffic Signal,Clear,"Dark, artificial",Dry,Non-Fatal Injury,Turning Movement,Motorcycle Passenger,20 to 24,Major,Oakwood Village
18527,2023-07-05 08:00:00,WESTON RD,HIGHWAY 401 X W,North York,43.713393,-79.536151,Traffic Signal,Clear,Daylight,Dry,Non-Fatal Injury,Cyclist Collisions,Driver,50 to 54,,Pelmo Park-Humberlea
18528,2023-07-05 08:00:00,WESTON RD,HIGHWAY 401 X W,North York,43.713393,-79.536151,Traffic Signal,Clear,Daylight,Dry,Non-Fatal Injury,Cyclist Collisions,Cyclist,20 to 24,Major,Pelmo Park-Humberlea
18529,2023-07-05 08:00:00,WESTON RD,HIGHWAY 401 X W,North York,43.713393,-79.536151,Traffic Signal,Clear,Daylight,Dry,Non-Fatal Injury,Cyclist Collisions,Passenger,80 to 84,,Pelmo Park-Humberlea
18530,2023-07-05 08:00:00,THE EAST ML,THE QUEENSWAY,Etobicoke York,43.616427,-79.54626,Traffic Signal,Clear,Daylight,Dry,Non-Fatal Injury,Turning Movement,Driver,55 to 59,,Etobicoke City Centre
18531,2023-07-05 08:00:00,THE EAST ML,THE QUEENSWAY,Etobicoke York,43.616427,-79.54626,Traffic Signal,Clear,Daylight,Dry,Non-Fatal Injury,Turning Movement,Driver,60 to 64,Major,Etobicoke City Centre
18532,2023-07-05 08:00:00,DUNDAS ST W,HIGH PARK AVE,Toronto and East York,43.665408,-79.470348,Traffic Signal,Clear,Daylight,Dry,Fatal,Pedestrian Collisions,Pedestrian,5 to 9,Fatal,Junction Area
18533,2023-07-05 08:00:00,DUNDAS ST W,HIGH PARK AVE,Toronto and East York,43.665408,-79.470348,Traffic Signal,Clear,Daylight,Dry,Fatal,Pedestrian Collisions,Driver,40 to 44,,Junction Area
18534,2023-07-05 08:00:00,DON VALLEY PY N,DON MILLS RD,,43.700118,-79.337681,No Control,Clear,Daylight,Dry,Non-Fatal Injury,SMV Other,Motorcycle Driver,25 to 29,Major,Old East York
18535,2023-07-05 08:00:00,WOBURN AV,YONGE ST,,43.728324,-79.403034,Stop Sign,Clear,"Dark, artificial",Dry,Non-Fatal Injury,Turning Movement,Driver,90 to 94,,Lawrence Park North
18536,2023-07-05 08:00:00,WOBURN AV,YONGE ST,,43.728324,-79.403034,Stop Sign,Clear,"Dark, artificial",Dry,Non-Fatal Injury,Turning Movement,Motorcycle Driver,30 to 34,Major,Lawrence Park North
18537,2023-07-09 08:00:00,WILLIAM R ALLEN RD,SHEPPARD AVE W,North York,43.750254,-79.463359,Traffic Signal,Clear,"Dark, artificial",Dry,Non-Fatal Injury,Turning Movement,Driver,30 to 34,,Downsview
18538,2023-07-09 08:00:00,WILLIAM R ALLEN RD,SHEPPARD AVE W,North York,43.750254,-79.463359,Traffic Signal,Clear,"Dark, artificial",Dry,Non-Fatal Injury,Turning Movement,Passenger,20 to 24,,Downsview
18539,2023-07-09 08:00:00,WILLIAM R ALLEN RD,SHEPPARD AVE W,North York,43.750254,-79.463359,Traffic Signal,Clear,"Dark, artificial",Dry,Non-Fatal Injury,Turning Movement,Driver,20 to 24,Major,Downsview
18540,2023-07-10 08:00:00,SHEPPARD AVE W,RIVALDA RD,North York,43.734786,-79.533443,Traffic Signal,Clear,Daylight,Dry,Non-Fatal Injury,Cyclist Collisions,Cyclist,65 to 69,Major,Pelmo Park-Humberlea
18541,2023-07-10 08:00:00,SHEPPARD AVE W,RIVALDA RD,North York,43.734786,-79.533443,Traffic Signal,Clear,Daylight,Dry,Non-Fatal Injury,Cyclist Collisions,Driver,35 to 39,,Pelmo Park-Humberlea
18542,2023-07-11 08:00:00,HORNER AVE,THIRTIETH ST,Etobicoke York,43.604193,-79.533695,Traffic Signal,Clear,Daylight,Dry,Fatal,Pedestrian Collisions,Pedestrian,65 to 69,Fatal,Alderwood
18543,2023-07-11 08:00:00,HORNER AVE,THIRTIETH ST,Etobicoke York,43.604193,-79.533695,Traffic Signal,Clear,Daylight,Dry,Fatal,Pedestrian Collisions,Driver,45 to 49,,Alderwood
18544,2023-07-11 08:00:00,EGLINTON AVE W,KANE AVE,Toronto and East York,43.691306,-79.47002,No Control,Clear,Daylight,Dry,Non-Fatal Injury,Pedestrian Collisions,Driver,50 to 54,,Beechborough-Greenbrook
18545,2023-07-11 08:00:00,EGLINTON AVE W,KANE AVE,Toronto and East York,43.691306,-79.47002,No Control,Clear,Daylight,Dry,Non-Fatal Injury,Pedestrian Collisions,Driver,30 to 34,,Beechborough-Greenbrook
18546,2023-07-11 08:00:00,EGLINTON AVE W,KANE AVE,Toronto and East York,43.691306,-79.47002,No Control,Clear,Daylight,Dry,Non-Fatal Injury,Pedestrian Collisions,Pedestrian,25 to 29,Major,Beechborough-Greenbrook
18547,2023-07-11 08:00:00,EGLINTON AVE W,KANE AVE,Toronto and East York,43.691306,-79.47002,No Control,Clear,Daylight,Dry,Non-Fatal Injury,Pedestrian Collisions,Pedestrian,55 to 59,Minimal,Beechborough-Greenbrook
18548,2023-07-12 08:00:00,LAKE SHORE BLVD W,ISLINGTON AVE,Etobicoke York,43.600844,-79.505313,Traffic Signal,Clear,Daylight,Dry,Non-Fatal Injury,Turning Movement,Driver,60 to 64,,New Toronto
18549,2023-07-12 08:00:00,LAKE SHORE BLVD W,ISLINGTON AVE,Etobicoke York,43.600844,-79.505313,Traffic Signal,Clear,Daylight,Dry,Non-Fatal Injury,Turning Movement,Motorcycle Driver,55 to 59,Major,New Toronto
18550,2023-07-12 08:00:00,QUEEN ST W,DOVERCOURT RD,Toronto and East York,43.643496,-79.422374,Traffic Signal,Clear,Daylight,Dry,Non-Fatal Injury,Cyclist Collisions,Driver,50 to 54,Major,West Queen West
18551,2023-07-12 08:00:00,1176 YONGE ST,SCRIVENER SQ,Toronto and East York,43.680724,-79.391055,,Clear,Daylight,Dry,Non-Fatal Injury,Other,Cyclist,30 to 34,Major,Annex
18552,2023-07-12 08:00:00,1176 YONGE ST,SCRIVENER SQ,Toronto and East York,43.680724,-79.391055,,Clear,Daylight,Dry,Non-Fatal Injury,Other,Driver,30 to 34,,Annex
18553,2023-07-12 08:00:00,SPADINA RD,SILVERWOOD AVE,Toronto and East York,43.695891,-79.415691,No Control,Clear,"Daylight, artificial",Dry,,SMV Other,Driver,70 to 74,Fatal,Forest Hill South
18554,2023-07-13 08:00:00,1085 ROYAL YORK RD,THE KINGSWAY,,43.654132,-79.514278,Stop Sign,Clear,Daylight,Dry,Non-Fatal Injury,SMV Other,Driver,50 to 54,,Kingsway South
18555,2023-07-13 08:00:00,1085 ROYAL YORK RD,THE KINGSWAY,,43.654132,-79.514278,Stop Sign,Clear,Daylight,Dry,Non-Fatal Injury,SMV Other,Passenger,75 to 79,Major,Kingsway South
18556,2023-07-15 08:00:00,DANFORTH RD,TRUDELLE ST,Scarborough,43.739924,-79.245502,Traffic Signal,Clear,Daylight,Wet,Non-Fatal Injury,Turning Movement,Driver,60 to 64,,Eglinton East
18557,2023-07-15 08:00:00,DANFORTH RD,TRUDELLE ST,Scarborough,43.739924,-79.245502,Traffic Signal,Clear,Daylight,Wet,Non-Fatal Injury,Turning Movement,Motorcycle Driver,20 to 24,Minor,Eglinton East
18558,2023-07-15 08:00:00,DANFORTH RD,TRUDELLE ST,Scarborough,43.739924,-79.245502,Traffic Signal,Clear,Daylight,Wet,Non-Fatal Injury,Turning Movement,Motorcycle Passenger,20 to 24,Major,Eglinton East
18559,2023-07-15 08:00:00,CALEDONIA RD,LOTHERTON PTWY,North York,43.707427,-79.465572,No Control,Rain,Dark,Wet,Non-Fatal Injury,Turning Movement,Driver,30 to 34,Minimal,Yorkdale-Glen Park
18560,2023-07-15 08:00:00,CALEDONIA RD,LOTHERTON PTWY,North York,43.707427,-79.465572,No Control,Rain,Dark,Wet,Non-Fatal Injury,Turning Movement,Motorcycle Driver,15 to 19,Major,Yorkdale-Glen Park
18561,2023-07-15 08:00:00,JANE ST,STEELES AV W,North York,43.775313,-79.521693,Traffic Signal,Rain,"Dark, artificial",Wet,Non-Fatal Injury,Pedestrian Collisions,Driver,35 to 39,,Black Creek
18562,2023-07-15 08:00:00,JANE ST,STEELES AV W,North York,43.775313,-79.521693,Traffic Signal,Rain,"Dark, artificial",Wet,Non-Fatal Injury,Pedestrian Collisions,Pedestrian,20 to 24,Major,Black Creek
18563,2023-07-19 08:00:00,CALEDONIA RD,KEITH AV,Toronto and East York,43.690676,-79.461223,Stop Sign,Clear,Daylight,Dry,Non-Fatal Injury,Cyclist Collisions,Driver,35 to 39,,Caledonia-Fairbank
18564,2023-07-19 08:00:00,CALEDONIA RD,KEITH AV,Toronto and East York,43.690676,-79.461223,Stop Sign,Clear,Daylight,Dry,Non-Fatal Injury,Cyclist Collisions,Cyclist,60 to 64,Major,Caledonia-Fairbank
18565,2023-07-19 08:00:00,VICTORIA PARK AVE,CLINTWOOD GT,North York,43.748763,-79.312076,Stop Sign,Clear,Daylight,Dry,Fatal,SMV Other,Motorcycle Driver,35 to 39,Fatal,Wexford/Maryvale
18566,2023-07-20 08:00:00,YONGE ST,CHAPLIN CR,Toronto and East York,43.698306,-79.396602,Traffic Signal,Clear,Daylight,Dry,Non-Fatal Injury,Pedestrian Collisions,Driver,35 to 39,,South Eglinton-Davisville
18567,2023-07-20 08:00:00,YONGE ST,CHAPLIN CR,Toronto and East York,43.698306,-79.396602,Traffic Signal,Clear,Daylight,Dry,Non-Fatal Injury,Pedestrian Collisions,Passenger,30 to 34,,South Eglinton-Davisville
18568,2023-07-20 08:00:00,YONGE ST,CHAPLIN CR,Toronto and East York,43.698306,-79.396602,Traffic Signal,Clear,Daylight,Dry,Non-Fatal Injury,Pedestrian Collisions,Pedestrian,45 to 49,Major,South Eglinton-Davisville
18569,2023-07-22 08:00:00,95 QUEENS QUAY E,COOPER ST,,43.643103,-79.371051,,Clear,Daylight,Dry,Non-Fatal Injury,Pedestrian Collisions,Driver,60 to 64,,St Lawrence-East Bayfront-The Islands
18570,2023-07-22 08:00:00,95 QUEENS QUAY E,COOPER ST,,43.643103,-79.371051,,Clear,Daylight,Dry,Non-Fatal Injury,Pedestrian Collisions,Pedestrian,55 to 59,Major,St Lawrence-East Bayfront-The Islands
18571,2023-07-23 08:00:00,SIMCOE ST,NELSON ST,Toronto and East York,43.649031,-79.386791,,Clear,Daylight,Dry,Non-Fatal Injury,Pedestrian Collisions,Driver,25 to 29,,Wellington Place
18572,2023-07-23 08:00:00,SIMCOE ST,NELSON ST,Toronto and East York,43.649031,-79.386791,,Clear,Daylight,Dry,Non-Fatal Injury,Pedestrian Collisions,Pedestrian,35 to 39,Major,Wellington Place
18573,2023-07-23 08:00:00,SIMCOE ST,NELSON ST,Toronto and East York,43.649031,-79.386791,,Clear,Daylight,Dry,Non-Fatal Injury,Pedestrian Collisions,Passenger,20 to 24,,Wellington Place
18574,2023-07-23 08:00:00,KEELE ST,TORO RD,North York,43.759829,-79.490047,Traffic Signal,Clear,"Dark, artificial",Dry,Non-Fatal Injury,Rear End,Driver,20 to 24,Minor,York University Heights
18575,2023-07-23 08:00:00,KEELE ST,TORO RD,North York,43.759829,-79.490047,Traffic Signal,Clear,"Dark, artificial",Dry,Non-Fatal Injury,Rear End,Passenger,10 to 14,Minor,York University Heights
18576,2023-07-23 08:00:00,KEELE ST,TORO RD,North York,43.759829,-79.490047,Traffic Signal,Clear,"Dark, artificial",Dry,Non-Fatal Injury,Rear End,Passenger,5 to 9,Major,York University Heights
18577,2023-07-23 08:00:00,KEELE ST,TORO RD,North York,43.759829,-79.490047,Traffic Signal,Clear,"Dark, artificial",Dry,Non-Fatal Injury,Rear End,Passenger,35 to 39,,York University Heights
18578,2023-07-24 08:00:00,MORNINGSIDE AV,ELLESMERE RD,Scarborough,43.781237,-79.191631,No Control,Rain,Daylight,Wet,Non-Fatal Injury,SMV Other,Driver,20 to 24,Major,Morningside
18579,2023-07-25 08:00:00,KIPLING AV,KINGSVIEW BV,Etobicoke York,43.696643,-79.559734,Traffic Signal,Clear,Daylight,Dry,Non-Fatal Injury,Approaching,Driver,20 to 24,Minor,Kingsview Village-The Westway
18580,2023-07-25 08:00:00,KIPLING AV,KINGSVIEW BV,Etobicoke York,43.696643,-79.559734,Traffic Signal,Clear,Daylight,Dry,Non-Fatal Injury,Approaching,Driver,50 to 54,Major,Kingsview Village-The Westway
18581,2023-07-26 08:00:00,QUEEN'S DR,ARKWRIGHT ST,North York,43.709563,-79.496211,Stop Sign,Clear,Daylight,Dry,Non-Fatal Injury,Cyclist Collisions,Cyclist,50 to 54,Major,Rustic
18582,2023-07-26 08:00:00,QUEEN'S DR,ARKWRIGHT ST,North York,43.709563,-79.496211,Stop Sign,Clear,Daylight,Dry,Non-Fatal Injury,Cyclist Collisions,Cyclist,30 to 34,,Rustic
18583,2023-07-27 08:00:00,MARKHAM RD,BLAKEMANOR BV,Scarborough,43.751025,-79.222263,,Clear,"Dark, artificial",Dry,Non-Fatal Injury,Rear End,Driver,20 to 24,Major,Golfdale-Cedarbrae-Woburn
18584,2023-07-27 08:00:00,MARKHAM RD,BLAKEMANOR BV,Scarborough,43.751025,-79.222263,,Clear,"Dark, artificial",Dry,Non-Fatal Injury,Rear End,Driver,25 to 29,Minimal,Golfdale-Cedarbrae-Woburn
18585,2023-07-27 08:00:00,MARKHAM RD,BLAKEMANOR BV,Scarborough,43.751025,-79.222263,,Clear,"Dark, artificial",Dry,Non-Fatal Injury,Rear End,Driver,30 to 34,Minimal,Golfdale-Cedarbrae-Woburn
18586,2023-07-27 08:00:00,MARKHAM RD,BLAKEMANOR BV,Scarborough,43.751025,-79.222263,,Clear,"Dark, artificial",Dry,Non-Fatal Injury,Rear End,Driver,45 to 49,,Golfdale-Cedarbrae-Woburn
18587,2023-07-27 08:00:00,MARKHAM RD,BLAKEMANOR BV,Scarborough,43.751025,-79.222263,,Clear,"Dark, artificial",Dry,Non-Fatal Injury,Rear End,Passenger,55 to 59,Major,Golfdale-Cedarbrae-Woburn
18588,2023-07-28 08:00:00,WARDEN AVE,ELLESMERE RD,Scarborough,43.761122,-79.300716,No Control,Clear,Dark,Dry,Fatal,Pedestrian Collisions,Pedestrian,50 to 54,Fatal,Wexford/Maryvale
18589,2023-07-28 08:00:00,WARDEN AVE,ELLESMERE RD,Scarborough,43.761122,-79.300716,No Control,Clear,Dark,Dry,Fatal,Pedestrian Collisions,Driver,30 to 34,,Wexford/Maryvale
18590,2023-07-29 08:00:00,LESLIE ST,LAKE SHORE BLVD E,Toronto and East York,43.658988,-79.328265,,Rain,Daylight,Wet,Non-Fatal Injury,Rear End,Cyclist,15 to 19,Major,South Riverdale
18591,2023-07-29 08:00:00,LESLIE ST,LAKE SHORE BLVD E,Toronto and East York,43.658988,-79.328265,,Rain,Daylight,Wet,Non-Fatal Injury,Rear End,Truck Driver,unknown,,South Riverdale
18592,2023-07-29 08:00:00,DIXON RD,MARTIN GROVE RD,Etobicoke York,43.691519,-79.570796,Traffic Signal,Rain,Daylight,Wet,Fatal,SMV Other,Driver,30 to 34,Fatal,West Humber-Clairville
18593,2023-07-29 08:00:00,COLLEGE ST,HURON ST,,43.658267,-79.398166,Traffic Signal,Clear,Daylight,Dry,Non-Fatal Injury,Turning Movement,Driver,60 to 64,,Kensington-Chinatown
18594,2023-07-29 08:00:00,COLLEGE ST,HURON ST,,43.658267,-79.398166,Traffic Signal,Clear,Daylight,Dry,Non-Fatal Injury,Turning Movement,Driver,15 to 19,Major,Kensington-Chinatown
18595,2023-08-03 08:00:00,WESTON RD,BLACK CREEK DR,Etobicoke York,43.683367,-79.480281,Traffic Signal,Clear,"Dark, artificial",Dry,Non-Fatal Injury,Turning Movement,Driver,30 to 34,Major,Rockcliffe-Smythe