,DATE,STREET1,STREET2,DISTRICT,LATITUDE,LONGITUDE,TRAFFCTL,VISIBILITY,LIGHT,RDSFCOND,ACCLASS,IMPACTYPE,INVTYPE,INVAGE,INJURY,NEIGHBOURHOOD_158
18596,2023-08-03 08:00:00,WESTON RD,BLACK CREEK DR,Etobicoke York,43.683367,-79.480281,Traffic Signal,Clear,"Dark, artificial",Dry,Non-Fatal Injury,Turning Movement,Driver,30 to 34,Major,Rockcliffe-Smythe
18597,2023-08-04 08:00:00,LAWRENCE AVE E,BIRCHMOUNT RD,Scarborough,43.748374,-79.280528,,Rain,"Dark, artificial",Wet,Non-Fatal Injury,Pedestrian Collisions,Driver,20 to 24,,Dorset Park
18598,2023-08-04 08:00:00,LAWRENCE AVE E,BIRCHMOUNT RD,Scarborough,43.748374,-79.280528,,Rain,"Dark, artificial",Wet,Non-Fatal Injury,Pedestrian Collisions,Pedestrian,0 to 4,Major,Dorset Park
18599,2023-08-04 08:00:00,VAUGHAN RD,ATLAS AVE,Toronto and East York,43.689055,-79.433704,No Control,Clear,Daylight,Dry,Fatal,Pedestrian Collisions,Pedestrian,80 to 84,Fatal,Oakwood Village
18600,2023-08-04 08:00:00,VAUGHAN RD,ATLAS AVE,Toronto and East York,43.689055,-79.433704,No Control,Clear,Daylight,Dry,Fatal,Pedestrian Collisions,Driver,65 to 69,,Oakwood Village
18601,2023-08-04 08:00:00,KINGSTON RD,KALMAR AVE,Scarborough,43.689719,-79.267925,No Control,Clear,"Daylight, artificial",Dry,Non-Fatal Injury,Pedestrian Collisions,Pedestrian,65 to 69,Major,Birchcliffe-Cliffside
18602,2023-08-05 08:00:00,LESLIE ST,SHEPPARD AV E,North York,43.771666,-79.364131,Traffic Signal,Clear,"Dusk, artificial",Dry,Non-Fatal Injury,Pedestrian Collisions,Driver,25 to 29,,Don Valley Village
18603,2023-08-05 08:00:00,LESLIE ST,SHEPPARD AV E,North York,43.771666,-79.364131,Traffic Signal,Clear,"Dusk, artificial",Dry,Non-Fatal Injury,Pedestrian Collisions,Pedestrian,25 to 29,Major,Don Valley Village
18604,2023-08-06 08:00:00,STEELES AVE W,EMERALD LANE,North York,43.793448,-79.440997,Traffic Signal,Clear,Daylight,Dry,Non-Fatal Injury,Turning Movement,Driver,45 to 49,,Newtonbrook West
18605,2023-08-06 08:00:00,STEELES AVE W,EMERALD LANE,North York,43.793448,-79.440997,Traffic Signal,Clear,Daylight,Dry,Non-Fatal Injury,Turning Movement,Motorcycle Driver,25 to 29,Major,Newtonbrook West
18606,2023-08-06 08:00:00,STEELES AVE W,EMERALD LANE,North York,43.793448,-79.440997,Traffic Signal,Clear,Daylight,Dry,Non-Fatal Injury,Turning Movement,Passenger,50 to 54,,Newtonbrook West
18607,2023-08-06 08:00:00,STEELES AVE W,EMERALD LANE,North York,43.793448,-79.440997,Traffic Signal,Clear,Daylight,Dry,Non-Fatal Injury,Turning Movement,Passenger,5 to 9,,Newtonbrook West
18608,2023-08-06 08:00:00,STEELES AVE W,EMERALD LANE,North York,43.793448,-79.440997,Traffic Signal,Clear,Daylight,Dry,Non-Fatal Injury,Turning Movement,Passenger,15 to 19,,Newtonbrook West
18609,2023-08-08 08:00:00,QUEEN ST E,SAULTER ST,Toronto and East York,43.659426,-79.347415,,Clear,Daylight,Dry,Non-Fatal Injury,Pedestrian Collisions,Driver,45 to 49,,South Riverdale
18610,2023-08-08 08:00:00,QUEEN ST E,SAULTER ST,Toronto and East York,43.659426,-79.347415,,Clear,Daylight,Dry,Non-Fatal Injury,Pedestrian Collisions,Pedestrian,25 to 29,Major,South Riverdale
18611,2023-08-09 08:00:00,QUEEN ST E,LEWIS ST,Toronto and East York,43.659156,-79.348621,Stop Sign,Clear,"Dark, artificial",Dry,Non-Fatal Injury,Pedestrian Collisions,Driver,30 to 34,,South Riverdale
18612,2023-08-09 08:00:00,QUEEN ST E,LEWIS ST,Toronto and East York,43.659156,-79.348621,Stop Sign,Clear,"Dark, artificial",Dry,Non-Fatal Injury,Pedestrian Collisions,Pedestrian,45 to 49,Major,South Riverdale
18613,2023-08-09 08:00:00,BLOOR ST W,ST GEORGE ST,,43.667041,-79.399646,Traffic Signal,Clear,Dark,Dry,Non-Fatal Injury,Cyclist Collisions,Driver,40 to 44,,University
18614,2023-08-09 08:00:00,BLOOR ST W,ST GEORGE ST,,43.667041,-79.399646,Traffic Signal,Clear,Dark,Dry,Non-Fatal Injury,Cyclist Collisions,Cyclist,20 to 24,Major,University
18615,2023-08-09 08:00:00,BLOOR ST W,ST GEORGE ST,,43.667041,-79.399646,Traffic Signal,Clear,Dark,Dry,Non-Fatal Injury,Cyclist Collisions,Passenger,20 to 24,,University
18616,2023-08-10 08:00:00,STEELES AV E,MCCOWAN RD,,43.830779,-79.27634,No Control,Clear,Daylight,Dry,Non-Fatal Injury,Rear End,Driver,35 to 39,Major,NSA
18617,2023-08-10 08:00:00,STEELES AV E,MCCOWAN RD,,43.830779,-79.27634,No Control,Clear,Daylight,Dry,Non-Fatal Injury,Rear End,Driver,55 to 59,,NSA
18618,2023-08-10 08:00:00,STEELES AV E,MCCOWAN RD,,43.830779,-79.27634,No Control,Clear,Daylight,Dry,Non-Fatal Injury,Rear End,Driver,25 to 29,Major,NSA
18619,2023-08-10 08:00:00,STEELES AV E,MCCOWAN RD,,43.830779,-79.27634,No Control,Clear,Daylight,Dry,Non-Fatal Injury,Rear End,Passenger,50 to 54,Major,NSA
18620,2023-08-11 08:00:00,THE POND RD,IAN MACDONALD BV,,43.772445,-79.511364,Traffic Signal,Clear,Daylight,Dry,Non-Fatal Injury,Pedestrian Collisions,Driver,30 to 34,,York University Heights
18621,2023-08-11 08:00:00,THE POND RD,IAN MACDONALD BV,,43.772445,-79.511364,Traffic Signal,Clear,Daylight,Dry,Non-Fatal Injury,Pedestrian Collisions,Pedestrian,35 to 39,Major,York University Heights
18622,2023-08-11 08:00:00,DUNDAS ST W,LANSDOWNE AV,North York,43.650172,-79.4397,Traffic Signal,Clear,Daylight,Dry,Non-Fatal Injury,Cyclist Collisions,Cyclist,15 to 19,Major,Dufferin Grove
18623,2023-08-11 08:00:00,DUNDAS ST W,LANSDOWNE AV,North York,43.650172,-79.4397,Traffic Signal,Clear,Daylight,Dry,Non-Fatal Injury,Cyclist Collisions,Driver,35 to 39,,Dufferin Grove
18624,2023-08-12 08:00:00,SHEPPARD AV W,BATHURST ST,North York,43.755465,-79.438442,Traffic Signal,Clear,Daylight,Dry,Non-Fatal Injury,Pedestrian Collisions,Driver,20 to 24,Minor,Bathurst Manor
18625,2023-08-12 08:00:00,SHEPPARD AV W,BATHURST ST,North York,43.755465,-79.438442,Traffic Signal,Clear,Daylight,Dry,Non-Fatal Injury,Pedestrian Collisions,Driver,25 to 29,Minor,Bathurst Manor
18626,2023-08-12 08:00:00,SHEPPARD AV W,BATHURST ST,North York,43.755465,-79.438442,Traffic Signal,Clear,Daylight,Dry,Non-Fatal Injury,Pedestrian Collisions,Pedestrian,45 to 49,Minor,Bathurst Manor
18627,2023-08-12 08:00:00,SHEPPARD AV W,BATHURST ST,North York,43.755465,-79.438442,Traffic Signal,Clear,Daylight,Dry,Non-Fatal Injury,Pedestrian Collisions,Pedestrian,45 to 49,Minor,Bathurst Manor
18628,2023-08-12 08:00:00,SHEPPARD AV W,BATHURST ST,North York,43.755465,-79.438442,Traffic Signal,Clear,Daylight,Dry,Non-Fatal Injury,Pedestrian Collisions,Pedestrian,20 to 24,Major,Bathurst Manor
18629,2023-08-13 08:00:00,BEECHBOROUGH AV,KEELE ST,Toronto and East York,43.694358,-79.474788,Traffic Signal,Clear,Dark,Dry,Non-Fatal Injury,Turning Movement,Driver,55 to 59,,Beechborough-Greenbrook
18630,2023-08-13 08:00:00,BEECHBOROUGH AV,KEELE ST,Toronto and East York,43.694358,-79.474788,Traffic Signal,Clear,Dark,Dry,Non-Fatal Injury,Turning Movement,Motorcycle Driver,30 to 34,Major,Beechborough-Greenbrook
18631,2023-08-14 08:00:00,YONGE ST,ROXBOROUGH ST E,Toronto and East York,43.678099,-79.388713,Stop Sign,Clear,"Dark, artificial",Dry,Non-Fatal Injury,SMV Other,Driver,55 to 59,,Rosedale-Moore Park
18632,2023-08-14 08:00:00,YONGE ST,ROXBOROUGH ST E,Toronto and East York,43.678099,-79.388713,Stop Sign,Clear,"Dark, artificial",Dry,Non-Fatal Injury,SMV Other,Driver,35 to 39,Major,Rosedale-Moore Park
18633,2023-08-15 08:00:00,500 THE EAST ML,FOUR SEASONS PL,Etobicoke York,43.651225,-79.562495,No Control,Clear,Daylight,Dry,Non-Fatal Injury,SMV Other,Driver,15 to 19,Major,Islington
18634,2023-08-17 08:00:00,EGLINTON AV E,MARKHAM RD,Scarborough,43.743186,-79.218883,Traffic Signal,Clear,"Dusk, artificial",Dry,Non-Fatal Injury,Pedestrian Collisions,Driver,45 to 49,,Scarborough Village
18635,2023-08-17 08:00:00,EGLINTON AV E,MARKHAM RD,Scarborough,43.743186,-79.218883,Traffic Signal,Clear,"Dusk, artificial",Dry,Non-Fatal Injury,Pedestrian Collisions,Passenger,10 to 14,,Scarborough Village
18636,2023-08-17 08:00:00,EGLINTON AV E,MARKHAM RD,Scarborough,43.743186,-79.218883,Traffic Signal,Clear,"Dusk, artificial",Dry,Non-Fatal Injury,Pedestrian Collisions,Pedestrian,45 to 49,Major,Scarborough Village
18637,2023-08-17 08:00:00,F G GARDINER XY E,ISLINGTON AV,Etobicoke York,43.619677,-79.5163,No Control,Rain,"Dark, artificial",Wet,Non-Fatal Injury,Rear End,Driver,20 to 24,,Mimico-Queensway
18638,2023-08-17 08:00:00,F G GARDINER XY E,ISLINGTON AV,Etobicoke York,43.619677,-79.5163,No Control,Rain,"Dark, artificial",Wet,Non-Fatal Injury,Rear End,Driver,25 to 29,Major,Mimico-Queensway
18639,2023-08-17 08:00:00,F G GARDINER XY E,ISLINGTON AV,Etobicoke York,43.619677,-79.5163,No Control,Rain,"Dark, artificial",Wet,Non-Fatal Injury,Rear End,Driver,30 to 34,Minimal,Mimico-Queensway
18640,2023-08-17 08:00:00,F G GARDINER XY E,ISLINGTON AV,Etobicoke York,43.619677,-79.5163,No Control,Rain,"Dark, artificial",Wet,Non-Fatal Injury,Rear End,Passenger,20 to 24,Minimal,Mimico-Queensway
18641,2023-08-17 08:00:00,F G GARDINER XY E,ISLINGTON AV,Etobicoke York,43.619677,-79.5163,No Control,Rain,"Dark, artificial",Wet,Non-Fatal Injury,Rear End,Passenger,25 to 29,Minimal,Mimico-Queensway
18642,2023-08-17 08:00:00,JANE ST,EXBURY RD,North York,43.728415,-79.510494,Traffic Signal,Rain,"Dark, artificial",Wet,Non-Fatal Injury,Approaching,Driver,25 to 29,Major,Oakdale-Beverley Heights
18643,2023-08-17 08:00:00,JANE ST,EXBURY RD,North York,43.728415,-79.510494,Traffic Signal,Rain,"Dark, artificial",Wet,Non-Fatal Injury,Approaching,Driver,30 to 34,Major,Oakdale-Beverley Heights
18644,2023-08-18 08:00:00,EGLINTON AVE E,BRIMLEY RD,Scarborough,43.736705,-79.248058,,Clear,Dawn,Dry,Non-Fatal Injury,Pedestrian Collisions,Driver,25 to 29,,Eglinton East
18645,2023-08-18 08:00:00,EGLINTON AVE E,BRIMLEY RD,Scarborough,43.736705,-79.248058,,Clear,Dawn,Dry,Non-Fatal Injury,Pedestrian Collisions,Pedestrian,25 to 29,Major,Eglinton East
18646,2023-08-18 08:00:00,MERTON ST,MOUNT PLEASANT RD,Toronto and East York,43.69818,-79.386447,Traffic Signal,Clear,"Dark, artificial",Dry,Non-Fatal Injury,Turning Movement,Driver,25 to 29,,Mount Pleasant East
18647,2023-08-18 08:00:00,MERTON ST,MOUNT PLEASANT RD,Toronto and East York,43.69818,-79.386447,Traffic Signal,Clear,"Dark, artificial",Dry,Non-Fatal Injury,Turning Movement,Motorcycle Driver,25 to 29,Major,Mount Pleasant East
18648,2023-08-20 08:00:00,BAY ST,BLOOR ST,Toronto and East York,43.669673,-79.389476,Traffic Signal,Clear,Dark,Dry,Non-Fatal Injury,Pedestrian Collisions,Driver,25 to 29,,Bay-Cloverhill
18649,2023-08-20 08:00:00,BAY ST,BLOOR ST,Toronto and East York,43.669673,-79.389476,Traffic Signal,Clear,Dark,Dry,Non-Fatal Injury,Pedestrian Collisions,Passenger,20 to 24,,Bay-Cloverhill
18650,2023-08-20 08:00:00,BAY ST,BLOOR ST,Toronto and East York,43.669673,-79.389476,Traffic Signal,Clear,Dark,Dry,Non-Fatal Injury,Pedestrian Collisions,Pedestrian,50 to 54,Major,Bay-Cloverhill
18651,2023-08-22 08:00:00,KING ST W,JAMESON AVE,,43.637026,-79.436343,Traffic Signal,Clear,Daylight,Dry,Non-Fatal Injury,Pedestrian Collisions,Driver,25 to 29,,South Parkdale
18652,2023-08-22 08:00:00,KING ST W,JAMESON AVE,,43.637026,-79.436343,Traffic Signal,Clear,Daylight,Dry,Non-Fatal Injury,Pedestrian Collisions,Pedestrian,50 to 54,Major,South Parkdale
18653,2023-08-23 08:00:00,WESTON RD,SHEPPARD AVE W,North York,43.733752,-79.538196,Traffic Signal,Clear,Daylight,Dry,Non-Fatal Injury,Pedestrian Collisions,Driver,55 to 59,,Pelmo Park-Humberlea
18654,2023-08-23 08:00:00,WESTON RD,SHEPPARD AVE W,North York,43.733752,-79.538196,Traffic Signal,Clear,Daylight,Dry,Non-Fatal Injury,Pedestrian Collisions,Pedestrian,60 to 64,Major,Pelmo Park-Humberlea
18655,2023-08-23 08:00:00,DIXON RD,CITY VIEW DR,Etobicoke York,43.690383,-79.57632,Traffic Signal,Clear,Daylight,Dry,Non-Fatal Injury,Pedestrian Collisions,Driver,50 to 54,,West Humber-Clairville
18656,2023-08-23 08:00:00,DIXON RD,CITY VIEW DR,Etobicoke York,43.690383,-79.57632,Traffic Signal,Clear,Daylight,Dry,Non-Fatal Injury,Pedestrian Collisions,Passenger,40 to 44,,West Humber-Clairville
18657,2023-08-23 08:00:00,DIXON RD,CITY VIEW DR,Etobicoke York,43.690383,-79.57632,Traffic Signal,Clear,Daylight,Dry,Non-Fatal Injury,Pedestrian Collisions,Pedestrian,60 to 64,Major,West Humber-Clairville
18658,2023-08-24 08:00:00,QUEEN ST W,DUFFERIN ST,Toronto and East York,43.642405,-79.427814,No Control,Clear,"Dark, artificial",Dry,Non-Fatal Injury,Cyclist Collisions,Driver,20 to 24,,Little Portugal
18659,2023-08-24 08:00:00,QUEEN ST W,DUFFERIN ST,Toronto and East York,43.642405,-79.427814,No Control,Clear,"Dark, artificial",Dry,Non-Fatal Injury,Cyclist Collisions,Cyclist,30 to 34,Major,Little Portugal
18660,2023-08-25 08:00:00,ROYAL YORK RD,CAVELL AVE,Etobicoke York,43.615023,-79.497913,No Control,Clear,Daylight,Dry,Non-Fatal Injury,Cyclist Collisions,Driver,55 to 59,,Mimico-Queensway
18661,2023-08-25 08:00:00,ROYAL YORK RD,CAVELL AVE,Etobicoke York,43.615023,-79.497913,No Control,Clear,Daylight,Dry,Non-Fatal Injury,Cyclist Collisions,Cyclist,55 to 59,Major,Mimico-Queensway
18662,2023-08-25 08:00:00,ROYAL YORK RD,CAVELL AVE,Etobicoke York,43.615023,-79.497913,No Control,Clear,Daylight,Dry,Non-Fatal Injury,Cyclist Collisions,Passenger,50 to 54,,Mimico-Queensway
18663,2023-08-25 08:00:00,HENLEY CRES,ELMHURST DRIVE,Etobicoke York,43.728583,-79.571559,Stop Sign,Clear,Daylight,Dry,Non-Fatal Injury,Pedestrian Collisions,Driver,unknown,,Rexdale-Kipling
18664,2023-08-25 08:00:00,HENLEY CRES,ELMHURST DRIVE,Etobicoke York,43.728583,-79.571559,Stop Sign,Clear,Daylight,Dry,Non-Fatal Injury,Pedestrian Collisions,Pedestrian,30 to 34,Major,Rexdale-Kipling
18665,2023-08-25 08:00:00,KINGSTON RD,MANSE RD,Scarborough,43.774863,-79.177943,Traffic Signal,Clear,Daylight,Dry,Non-Fatal Injury,Turning Movement,Driver,65 to 69,,West Hill
18666,2023-08-25 08:00:00,KINGSTON RD,MANSE RD,Scarborough,43.774863,-79.177943,Traffic Signal,Clear,Daylight,Dry,Non-Fatal Injury,Turning Movement,Driver,20 to 24,Major,West Hill
18667,2023-08-25 08:00:00,KINGSTON RD,MANSE RD,Scarborough,43.774863,-79.177943,Traffic Signal,Clear,Daylight,Dry,Non-Fatal Injury,Turning Movement,Passenger,15 to 19,,West Hill
18668,2023-08-25 08:00:00,KINGSTON RD,MANSE RD,Scarborough,43.774863,-79.177943,Traffic Signal,Clear,Daylight,Dry,Non-Fatal Injury,Turning Movement,Passenger,0 to 4,Minimal,West Hill
18669,2023-08-25 08:00:00,LOWER SIMCOE ST,STATION ST,Toronto and East York,43.644286,-79.384776,Stop Sign,Clear,Daylight,Dry,Non-Fatal Injury,Sideswipe,Driver,20 to 24,,Harbourfront-CityPlace
18670,2023-08-25 08:00:00,LOWER SIMCOE ST,STATION ST,Toronto and East York,43.644286,-79.384776,Stop Sign,Clear,Daylight,Dry,Non-Fatal Injury,Sideswipe,Cyclist,40 to 44,Major,Harbourfront-CityPlace
18671,2023-08-25 08:00:00,DUNDAS ST E,RIVER ST,Toronto and East York,43.661303,-79.357723,No Control,Clear,Daylight,Dry,Non-Fatal Injury,Cyclist Collisions,Motorcycle Driver,unknown,,Regent Park
18672,2023-08-25 08:00:00,DUNDAS ST E,RIVER ST,Toronto and East York,43.661303,-79.357723,No Control,Clear,Daylight,Dry,Non-Fatal Injury,Cyclist Collisions,Cyclist,50 to 54,Major,Regent Park
18673,2023-08-26 08:00:00,HILDA AVE,STEELES AVE W,,43.796043,-79.429233,Traffic Signal,Clear,"Dark, artificial",Dry,Non-Fatal Injury,Pedestrian Collisions,Driver,40 to 44,,NSA
18674,2023-08-26 08:00:00,HILDA AVE,STEELES AVE W,,43.796043,-79.429233,Traffic Signal,Clear,"Dark, artificial",Dry,Non-Fatal Injury,Pedestrian Collisions,Pedestrian,45 to 49,Major,NSA
18675,2023-08-27 08:00:00,KEELE ST,INGRAM DR,North York,43.699435,-79.47594,Traffic Signal,Clear,Daylight,Dry,Non-Fatal Injury,Turning Movement,Driver,90 to 94,,Brookhaven-Amesbury
18676,2023-08-27 08:00:00,KEELE ST,INGRAM DR,North York,43.699435,-79.47594,Traffic Signal,Clear,Daylight,Dry,Non-Fatal Injury,Turning Movement,Motorcycle Driver,20 to 24,Major,Brookhaven-Amesbury
18677,2023-08-28 08:00:00,VICTORIA PARK AV,LAWRENCE AV E,North York,43.742152,-79.309757,Traffic Signal,Clear,"Dusk, artificial",Dry,Non-Fatal Injury,Turning Movement,Driver,60 to 64,Minor,Wexford/Maryvale
18678,2023-08-28 08:00:00,VICTORIA PARK AV,LAWRENCE AV E,North York,43.742152,-79.309757,Traffic Signal,Clear,"Dusk, artificial",Dry,Non-Fatal Injury,Turning Movement,Motorcycle Driver,55 to 59,Major,Wexford/Maryvale
18679,2023-09-01 08:00:00,BATHURST ST,STEWART ST,Toronto and East York,43.643199,-79.402362,No Control,Clear,"Dark, artificial",Dry,Non-Fatal Injury,Pedestrian Collisions,Driver,25 to 29,,Wellington Place
18680,2023-09-01 08:00:00,BATHURST ST,STEWART ST,Toronto and East York,43.643199,-79.402362,No Control,Clear,"Dark, artificial",Dry,Non-Fatal Injury,Pedestrian Collisions,Pedestrian,25 to 29,Major,Wellington Place
18681,2023-09-01 08:00:00,BATHURST ST,STEWART ST,Toronto and East York,43.643199,-79.402362,No Control,Clear,"Dark, artificial",Dry,Non-Fatal Injury,Pedestrian Collisions,Pedestrian,20 to 24,,Wellington Place
18682,2023-09-01 08:00:00,BATHURST ST,STEWART ST,Toronto and East York,43.643199,-79.402362,No Control,Clear,"Dark, artificial",Dry,Non-Fatal Injury,Pedestrian Collisions,Pedestrian,30 to 34,,Wellington Place
18683,2023-09-02 08:00:00,DANFORTH AV,WESTLAKE AV,Toronto and East York,43.687632,-79.304286,No Control,Clear,"Dusk, artificial",Dry,Non-Fatal Injury,Approaching,Driver,35 to 39,Major,East End-Danforth
18684,2023-09-02 08:00:00,DANFORTH AV,WESTLAKE AV,Toronto and East York,43.687632,-79.304286,No Control,Clear,"Dusk, artificial",Dry,Non-Fatal Injury,Approaching,Driver,35 to 39,,East End-Danforth
18685,2023-09-02 08:00:00,DANFORTH AV,WESTLAKE AV,Toronto and East York,43.687632,-79.304286,No Control,Clear,"Dusk, artificial",Dry,Non-Fatal Injury,Approaching,Driver,45 to 49,,East End-Danforth
18686,2023-09-02 08:00:00,ISLINGTON AV,THE WESTWAY,Etobicoke York,43.652407,-79.52972,Traffic Signal,Clear,Daylight,Dry,Non-Fatal Injury,Turning Movement,Driver,45 to 49,,Princess-Rosethorn
18687,2023-09-02 08:00:00,ISLINGTON AV,THE WESTWAY,Etobicoke York,43.652407,-79.52972,Traffic Signal,Clear,Daylight,Dry,Non-Fatal Injury,Turning Movement,Motorcycle Driver,45 to 49,Major,Princess-Rosethorn
18688,2023-09-02 08:00:00,LAKE SHORE BLVD,LONG BRANCH AV,Etobicoke York,43.594496,-79.533916,Traffic Signal,Clear,Daylight,Dry,Non-Fatal Injury,Pedestrian Collisions,Driver,85 to 89,,Long Branch
18689,2023-09-02 08:00:00,LAKE SHORE BLVD,LONG BRANCH AV,Etobicoke York,43.594496,-79.533916,Traffic Signal,Clear,Daylight,Dry,Non-Fatal Injury,Pedestrian Collisions,Pedestrian,35 to 39,Major,Long Branch
18690,2023-09-03 08:00:00,RICHMOND ST W,BAY ST,Toronto and East York,43.651282,-79.380824,Traffic Signal,Clear,"Dark, artificial",Dry,Non-Fatal Injury,SMV Other,Driver,35 to 39,Major,Yonge-Bay Corridor
18691,2023-09-03 08:00:00,343 KIPLING AV,BIRMINGHAM ST,Etobicoke York,43.600291,-79.517856,Traffic Signal,Clear,"Dark, artificial",Dry,Non-Fatal Injury,SMV Other,Driver,40 to 44,Major,New Toronto
18692,2023-09-03 08:00:00,DUFFERIN ST,DUFFERIN PARK AV,Toronto and East York,43.65713,-79.434284,Traffic Signal,Clear,Daylight,Dry,Non-Fatal Injury,Pedestrian Collisions,Driver,85 to 89,,Dufferin Grove
18693,2023-09-03 08:00:00,DUFFERIN ST,DUFFERIN PARK AV,Toronto and East York,43.65713,-79.434284,Traffic Signal,Clear,Daylight,Dry,Non-Fatal Injury,Pedestrian Collisions,Passenger,80 to 84,,Dufferin Grove
18694,2023-09-03 08:00:00,DUFFERIN ST,DUFFERIN PARK AV,Toronto and East York,43.65713,-79.434284,Traffic Signal,Clear,Daylight,Dry,Non-Fatal Injury,Pedestrian Collisions,Pedestrian,20 to 24,Major,Dufferin Grove
18695,2023-09-04 08:00:00,EGLINTON AV W,ISLINGTON AV,Etobicoke York,43.679846,-79.538989,Traffic Signal,Clear,"Dark, artificial",Dry,Non-Fatal Injury,Angle,Driver,35 to 39,Major,Willowridge-Martingrove-Richview
18696,2023-09-04 08:00:00,EGLINTON AV W,ISLINGTON AV,Etobicoke York,43.679846,-79.538989,Traffic Signal,Clear,"Dark, artificial",Dry,Non-Fatal Injury,Angle,Driver,60 to 64,Minimal,Willowridge-Martingrove-Richview
18697,2023-09-05 08:00:00,LESLIE ST,PEACH WILLOWAY,North York,43.779277,-79.365497,No Control,Clear,Daylight,Dry,Non-Fatal Injury,Cyclist Collisions,Cyclist,60 to 64,Major,Don Valley Village
18698,2023-09-05 08:00:00,LESLIE ST,PEACH WILLOWAY,North York,43.779277,-79.365497,No Control,Clear,Daylight,Dry,Non-Fatal Injury,Cyclist Collisions,Driver,60 to 64,,Don Valley Village
18699,2023-09-05 08:00:00,DOLLEY VARDEN BLVD,ELLESMERE RD,Scarborough,43.774878,-79.234638,No Control,Clear,Daylight,Dry,Non-Fatal Injury,SMV Other,Driver,20 to 24,Major,Woburn North
18700,2023-09-05 08:00:00,DOLLEY VARDEN BLVD,ELLESMERE RD,Scarborough,43.774878,-79.234638,No Control,Clear,Daylight,Dry,Non-Fatal Injury,SMV Other,Passenger,20 to 24,,Woburn North
18701,2023-09-06 08:00:00,CHURCH ST,HAYDEN ST,Toronto and East York,43.670161,-79.382777,Stop Sign,Clear,Daylight,Dry,Non-Fatal Injury,Pedestrian Collisions,Driver,45 to 49,,Church-Wellesley
18702,2023-09-06 08:00:00,CHURCH ST,HAYDEN ST,Toronto and East York,43.670161,-79.382777,Stop Sign,Clear,Daylight,Dry,Non-Fatal Injury,Pedestrian Collisions,Pedestrian,60 to 64,Major,Church-Wellesley
18703,2023-09-06 08:00:00,BRIMLEY RD,SHADDOCK CRES,Scarborough,43.738547,-79.249133,Stop Sign,Clear,Daylight,Dry,Non-Fatal Injury,Turning Movement,Driver,65 to 69,,Eglinton East
18704,2023-09-06 08:00:00,BRIMLEY RD,SHADDOCK CRES,Scarborough,43.738547,-79.249133,Stop Sign,Clear,Daylight,Dry,Non-Fatal Injury,Turning Movement,Motorcycle Driver,15 to 19,Major,Eglinton East
18705,2023-09-06 08:00:00,BRIMLEY RD,STEELES AV E,Scarborough,43.82828,-79.287181,Traffic Signal,Clear,Dusk,Dry,Non-Fatal Injury,,Driver,25 to 29,Minor,Milliken
18706,2023-09-06 08:00:00,BRIMLEY RD,STEELES AV E,Scarborough,43.82828,-79.287181,Traffic Signal,Clear,Dusk,Dry,Non-Fatal Injury,,Driver,20 to 24,Major,Milliken
18707,2023-09-06 08:00:00,BRIMLEY RD,STEELES AV E,Scarborough,43.82828,-79.287181,Traffic Signal,Clear,Dusk,Dry,Non-Fatal Injury,,Driver,70 to 74,,Milliken
18708,2023-09-06 08:00:00,BRIMLEY RD,STEELES AV E,Scarborough,43.82828,-79.287181,Traffic Signal,Clear,Dusk,Dry,Non-Fatal Injury,,Driver,25 to 29,,Milliken
18709,2023-09-06 08:00:00,BRIMLEY RD,STEELES AV E,Scarborough,43.82828,-79.287181,Traffic Signal,Clear,Dusk,Dry,Non-Fatal Injury,,Driver,25 to 29,Minimal,Milliken
18710,2023-09-06 08:00:00,BRIMLEY RD,STEELES AV E,Scarborough,43.82828,-79.287181,Traffic Signal,Clear,Dusk,Dry,Non-Fatal Injury,,Driver,60 to 64,Minor,Milliken
18711,2023-09-06 08:00:00,BRIMLEY RD,STEELES AV E,Scarborough,43.82828,-79.287181,Traffic Signal,Clear,Dusk,Dry,Non-Fatal Injury,,Passenger,70 to 74,Minor,Milliken
18712,2023-09-06 08:00:00,BRIMLEY RD,STEELES AV E,Scarborough,43.82828,-79.287181,Traffic Signal,Clear,Dusk,Dry,Non-Fatal Injury,,Passenger,25 to 29,,Milliken
18713,2023-09-06 08:00:00,BRIMLEY RD,STEELES AV E,Scarborough,43.82828,-79.287181,Traffic Signal,Clear,Dusk,Dry,Non-Fatal Injury,,Passenger,20 to 24,Minor,Milliken
18714,2023-09-08 08:00:00,STEELES AV W,KIPLING AV,Etobicoke York,43.760035,-79.587451,No Control,Clear,Dark,Dry,Non-Fatal Injury,Approaching,Driver,50 to 54,Major,Mount Olive-Silverstone-Jamestown
18715,2023-09-08 08:00:00,STEELES AV W,KIPLING AV,Etobicoke York,43.760035,-79.587451,No Control,Clear,Dark,Dry,Non-Fatal Injury,Approaching,Driver,50 to 54,Minor,Mount Olive-Silverstone-Jamestown
18716,2023-09-08 08:00:00,STEELES AV W,KIPLING AV,Etobicoke York,43.760035,-79.587451,No Control,Clear,Dark,Dry,Non-Fatal Injury,Approaching,Driver,60 to 64,,Mount Olive-Silverstone-Jamestown