,DATE,STREET1,STREET2,DISTRICT,LATITUDE,LONGITUDE,TRAFFCTL,VISIBILITY,LIGHT,RDSFCOND,ACCLASS,IMPACTYPE,INVTYPE,INVAGE,INJURY,NEIGHBOURHOOD_158
18717,2023-09-08 08:00:00,STEELES AV W,KIPLING AV,Etobicoke York,43.760035,-79.587451,No Control,Clear,Dark,Dry,Non-Fatal Injury,Approaching,Passenger,50 to 54,Minor,Mount Olive-Silverstone-Jamestown
18718,2023-09-08 08:00:00,VICTORIA PARK AVE,BISCAYNE BLVD,Scarborough,43.729117,-79.304469,No Control,Clear,"Dark, artificial",Dry,Non-Fatal Injury,Pedestrian Collisions,Driver,20 to 24,,Wexford/Maryvale
18719,2023-09-08 08:00:00,VICTORIA PARK AVE,BISCAYNE BLVD,Scarborough,43.729117,-79.304469,No Control,Clear,"Dark, artificial",Dry,Non-Fatal Injury,Pedestrian Collisions,Pedestrian,55 to 59,Fatal,Wexford/Maryvale
18720,2023-09-09 08:00:00,ELLESMERE RD,DALECLIFF CRES,Scarborough,43.760798,-79.302425,Stop Sign,Clear,Daylight,Dry,Non-Fatal Injury,Cyclist Collisions,Cyclist,75 to 79,Major,Wexford/Maryvale
18721,2023-09-09 08:00:00,ELLESMERE RD,DALECLIFF CRES,Scarborough,43.760798,-79.302425,Stop Sign,Clear,Daylight,Dry,Non-Fatal Injury,Cyclist Collisions,Driver,60 to 64,,Wexford/Maryvale
18722,2023-09-09 08:00:00,BLOOR ST W,KIPLING AV,Etobicoke York,43.642092,-79.534152,,Clear,Dark,Dry,Non-Fatal Injury,,Motorcycle Driver,25 to 29,Major,Etobicoke City Centre
18723,2023-09-09 08:00:00,BLOOR ST W,KIPLING AV,Etobicoke York,43.642092,-79.534152,,Clear,Dark,Dry,Non-Fatal Injury,,Driver,45 to 49,,Etobicoke City Centre
18724,2023-09-10 08:00:00,SKYWAY AV,161 SKYWAY AV,,43.681258,-79.581295,,Clear,Daylight,Dry,Non-Fatal Injury,Turning Movement,Driver,55 to 59,Major,West Humber-Clairville
18725,2023-09-10 08:00:00,SKYWAY AV,161 SKYWAY AV,,43.681258,-79.581295,,Clear,Daylight,Dry,Non-Fatal Injury,Turning Movement,Driver,35 to 39,,West Humber-Clairville
18726,2023-09-11 08:00:00,ANSFORD AVE,WILSON HEIGHTS BLVD,North York,43.735594,-79.447727,Stop Sign,Clear,Daylight,Dry,Non-Fatal Injury,Pedestrian Collisions,Driver,40 to 44,,Clanton Park
18727,2023-09-11 08:00:00,ANSFORD AVE,WILSON HEIGHTS BLVD,North York,43.735594,-79.447727,Stop Sign,Clear,Daylight,Dry,Non-Fatal Injury,Pedestrian Collisions,Pedestrian,65 to 69,Major,Clanton Park
18728,2023-09-13 08:00:00,KEELE ST,WILSON AVE,North York,43.726645,-79.482044,Traffic Signal,Clear,Daylight,Dry,Non-Fatal Injury,,Driver,35 to 39,,Downsview
18729,2023-09-13 08:00:00,KEELE ST,WILSON AVE,North York,43.726645,-79.482044,Traffic Signal,Clear,Daylight,Dry,Non-Fatal Injury,,Driver,35 to 39,,Downsview
18730,2023-09-13 08:00:00,KEELE ST,WILSON AVE,North York,43.726645,-79.482044,Traffic Signal,Clear,Daylight,Dry,Non-Fatal Injury,,Passenger,60 to 64,Major,Downsview
18731,2023-09-13 08:00:00,ISLINGTON AV,SPRINGBROOK GS,,43.640681,-79.521702,Stop Sign,Clear,"Dark, artificial",Dry,Non-Fatal Injury,Turning Movement,Driver,30 to 34,Minor,Stonegate-Queensway
18732,2023-09-13 08:00:00,ISLINGTON AV,SPRINGBROOK GS,,43.640681,-79.521702,Stop Sign,Clear,"Dark, artificial",Dry,Non-Fatal Injury,Turning Movement,Driver,40 to 44,,Stonegate-Queensway
18733,2023-09-13 08:00:00,ISLINGTON AV,SPRINGBROOK GS,,43.640681,-79.521702,Stop Sign,Clear,"Dark, artificial",Dry,Non-Fatal Injury,Turning Movement,Driver,40 to 44,Major,Stonegate-Queensway
18734,2023-09-13 08:00:00,ISLINGTON AV,SPRINGBROOK GS,,43.640681,-79.521702,Stop Sign,Clear,"Dark, artificial",Dry,Non-Fatal Injury,Turning Movement,Driver,40 to 44,,Stonegate-Queensway
18735,2023-09-13 08:00:00,ISLINGTON AV,SPRINGBROOK GS,,43.640681,-79.521702,Stop Sign,Clear,"Dark, artificial",Dry,Non-Fatal Injury,Turning Movement,Passenger,45 to 49,Minor,Stonegate-Queensway
18736,2023-09-13 08:00:00,ISLINGTON AV,SPRINGBROOK GS,,43.640681,-79.521702,Stop Sign,Clear,"Dark, artificial",Dry,Non-Fatal Injury,Turning Movement,Passenger,15 to 19,Minor,Stonegate-Queensway
18737,2023-09-13 08:00:00,ISLINGTON AV,SPRINGBROOK GS,,43.640681,-79.521702,Stop Sign,Clear,"Dark, artificial",Dry,Non-Fatal Injury,Turning Movement,Passenger,45 to 49,Minor,Stonegate-Queensway
18738,2023-09-13 08:00:00,ISLINGTON AV,SPRINGBROOK GS,,43.640681,-79.521702,Stop Sign,Clear,"Dark, artificial",Dry,Non-Fatal Injury,Turning Movement,Passenger,40 to 44,,Stonegate-Queensway
18739,2023-09-13 08:00:00,ISLINGTON AV,SPRINGBROOK GS,,43.640681,-79.521702,Stop Sign,Clear,"Dark, artificial",Dry,Non-Fatal Injury,Turning Movement,Passenger,0 to 4,,Stonegate-Queensway
18740,2023-09-13 08:00:00,ISLINGTON AV,SPRINGBROOK GS,,43.640681,-79.521702,Stop Sign,Clear,"Dark, artificial",Dry,Non-Fatal Injury,Turning Movement,Passenger,40 to 44,Major,Stonegate-Queensway
18741,2023-09-14 08:00:00,FAIRGLEN AV,HUNTINGWOOD DR,Scarborough,43.780997,-79.322795,Stop Sign,Clear,Daylight,Dry,Non-Fatal Injury,Pedestrian Collisions,Driver,20 to 24,Minimal,L'Amoreaux West
18742,2023-09-14 08:00:00,FAIRGLEN AV,HUNTINGWOOD DR,Scarborough,43.780997,-79.322795,Stop Sign,Clear,Daylight,Dry,Non-Fatal Injury,Pedestrian Collisions,Pedestrian,15 to 19,Major,L'Amoreaux West
18743,2023-09-14 08:00:00,FAIRGLEN AV,HUNTINGWOOD DR,Scarborough,43.780997,-79.322795,Stop Sign,Clear,Daylight,Dry,Non-Fatal Injury,Pedestrian Collisions,Pedestrian,15 to 19,Major,L'Amoreaux West
18744,2023-09-17 08:00:00,BREMNER BV,VAN DE WATER CR,Toronto and East York,43.640418,-79.388896,Traffic Signal,Clear,Daylight,Dry,Non-Fatal Injury,Pedestrian Collisions,Cyclist,25 to 29,,Harbourfront-CityPlace
18745,2023-09-17 08:00:00,BREMNER BV,VAN DE WATER CR,Toronto and East York,43.640418,-79.388896,Traffic Signal,Clear,Daylight,Dry,Non-Fatal Injury,Pedestrian Collisions,Pedestrian,25 to 29,Major,Harbourfront-CityPlace
18746,2023-09-17 08:00:00,690 GLENCAIRN AVE,,North York,43.710311,-79.437297,No Control,Clear,Dark,Dry,Fatal,Rear End,Driver,unknown,,Englemount-Lawrence
18747,2023-09-17 08:00:00,690 GLENCAIRN AVE,,North York,43.710311,-79.437297,No Control,Clear,Dark,Dry,Fatal,Rear End,Vehicle Owner,unknown,,Englemount-Lawrence
18748,2023-09-17 08:00:00,690 GLENCAIRN AVE,,North York,43.710311,-79.437297,No Control,Clear,Dark,Dry,Fatal,Rear End,Driver,90 to 94,Fatal,Englemount-Lawrence
18749,2023-09-18 08:00:00,CARLAW AVE,DUNDAS ST E,Toronto and East York,43.664855,-79.341571,Traffic Signal,Clear,"Daylight, artificial",Dry,Non-Fatal Injury,Cyclist Collisions,Driver,55 to 59,,South Riverdale
18750,2023-09-18 08:00:00,CARLAW AVE,DUNDAS ST E,Toronto and East York,43.664855,-79.341571,Traffic Signal,Clear,"Daylight, artificial",Dry,Non-Fatal Injury,Cyclist Collisions,Cyclist,55 to 59,Major,South Riverdale
18751,2023-09-19 08:00:00,MORTIMER AV,BROADVIEW AV,Toronto and East York,43.683936,-79.356914,Traffic Signal,Clear,"Dark, artificial",Dry,Non-Fatal Injury,Pedestrian Collisions,Pedestrian,85 to 89,Major,Broadview North
18752,2023-09-19 08:00:00,KINGSTON RD,BRIMLEY RD S,Scarborough,43.718154,-79.240329,Traffic Signal,Clear,"Dark, artificial",Dry,Fatal,Turning Movement,Driver,40 to 44,,Cliffcrest
18753,2023-09-19 08:00:00,KINGSTON RD,BRIMLEY RD S,Scarborough,43.718154,-79.240329,Traffic Signal,Clear,"Dark, artificial",Dry,Fatal,Turning Movement,Motorcycle Driver,30 to 34,Fatal,Cliffcrest
18754,2023-09-21 08:00:00,WARDEN AV,FINCH AV E,Scarborough,43.796778,-79.315723,Traffic Signal,Clear,"Dark, artificial",Dry,Non-Fatal Injury,Pedestrian Collisions,Driver,55 to 59,,East L'Amoreaux
18755,2023-09-21 08:00:00,WARDEN AV,FINCH AV E,Scarborough,43.796778,-79.315723,Traffic Signal,Clear,"Dark, artificial",Dry,Non-Fatal Injury,Pedestrian Collisions,Pedestrian,55 to 59,Major,East L'Amoreaux
18756,2023-09-21 08:00:00,ALBION RD,WESTMORE DR,Etobicoke York,43.743483,-79.603107,,Clear,"Dark, artificial",Dry,Non-Fatal Injury,Pedestrian Collisions,Driver,55 to 59,,West Humber-Clairville
18757,2023-09-21 08:00:00,ALBION RD,WESTMORE DR,Etobicoke York,43.743483,-79.603107,,Clear,"Dark, artificial",Dry,Non-Fatal Injury,Pedestrian Collisions,Pedestrian,40 to 44,Major,West Humber-Clairville
18758,2023-09-21 08:00:00,HANNA RD,GLENVALE BV,,43.716937,-79.373989,Stop Sign,Clear,Daylight,Dry,Non-Fatal Injury,Pedestrian Collisions,Driver,60 to 64,,Leaside-Bennington
18759,2023-09-21 08:00:00,HANNA RD,GLENVALE BV,,43.716937,-79.373989,Stop Sign,Clear,Daylight,Dry,Non-Fatal Injury,Pedestrian Collisions,Pedestrian,45 to 49,Major,Leaside-Bennington
18760,2023-09-22 08:00:00,QUEEN'S PARK CR E,QUEENS PARK,,43.666045,-79.392307,Traffic Signal,Clear,"Dark, artificial",Dry,Non-Fatal Injury,,Motorcycle Driver,45 to 49,Major,Bay-Cloverhill
18761,2023-09-27 08:00:00,EGLINTON AV E,KINGSTON RD,Scarborough,43.743731,-79.211627,Traffic Signal,Clear,"Dark, artificial",Dry,Non-Fatal Injury,Turning Movement,Driver,55 to 59,Major,Scarborough Village
18762,2023-09-27 08:00:00,EGLINTON AV E,KINGSTON RD,Scarborough,43.743731,-79.211627,Traffic Signal,Clear,"Dark, artificial",Dry,Non-Fatal Injury,Turning Movement,Driver,55 to 59,,Scarborough Village
18763,2023-09-28 08:00:00,GERRARD ST E,COXWELL AVE,Toronto and East York,43.672911,-79.319278,Traffic Signal,Clear,"Dusk, artificial",Dry,Non-Fatal Injury,Pedestrian Collisions,Driver,50 to 54,,Woodbine Corridor
18764,2023-09-28 08:00:00,GERRARD ST E,COXWELL AVE,Toronto and East York,43.672911,-79.319278,Traffic Signal,Clear,"Dusk, artificial",Dry,Non-Fatal Injury,Pedestrian Collisions,Pedestrian,10 to 14,Major,Woodbine Corridor
18765,2023-09-29 08:00:00,KINGSTON RD,CLAREMORE AV,Scarborough,43.703955,-79.25275,Traffic Signal,Clear,Daylight,Dry,Non-Fatal Injury,Pedestrian Collisions,Driver,25 to 29,,Birchcliffe-Cliffside
18766,2023-09-29 08:00:00,KINGSTON RD,CLAREMORE AV,Scarborough,43.703955,-79.25275,Traffic Signal,Clear,Daylight,Dry,Non-Fatal Injury,Pedestrian Collisions,Pedestrian,0 to 4,Major,Birchcliffe-Cliffside
18767,2023-09-29 08:00:00,PORT UNION RD,BLUE ANCHOR TL,Scarborough,43.794993,-79.14307,No Control,Clear,Daylight,Dry,Non-Fatal Injury,Rear End,Driver,25 to 29,Major,West Rouge
18768,2023-09-29 08:00:00,PORT UNION RD,BLUE ANCHOR TL,Scarborough,43.794993,-79.14307,No Control,Clear,Daylight,Dry,Non-Fatal Injury,Rear End,Driver,50 to 54,,West Rouge
18769,2023-09-29 08:00:00,PORT UNION RD,BLUE ANCHOR TL,Scarborough,43.794993,-79.14307,No Control,Clear,Daylight,Dry,Non-Fatal Injury,Rear End,Driver,45 to 49,,West Rouge
18770,2023-09-29 08:00:00,ISLINGTON AVE,FINCH AVE W,Etobicoke York,43.746333,-79.568607,,Clear,"Dark, artificial",Dry,Non-Fatal Injury,Approaching,Driver,45 to 49,,Humber Summit
18771,2023-09-29 08:00:00,ISLINGTON AVE,FINCH AVE W,Etobicoke York,43.746333,-79.568607,,Clear,"Dark, artificial",Dry,Non-Fatal Injury,Approaching,Motorcycle Driver,25 to 29,Major,Humber Summit
18772,2023-09-30 08:00:00,LAWRENCE AVE W,CULFORD RD,North York,43.706378,-79.487644,Traffic Signal,Clear,Daylight,Dry,Non-Fatal Injury,Pedestrian Collisions,Driver,55 to 59,,Brookhaven-Amesbury
18773,2023-09-30 08:00:00,LAWRENCE AVE W,CULFORD RD,North York,43.706378,-79.487644,Traffic Signal,Clear,Daylight,Dry,Non-Fatal Injury,Pedestrian Collisions,Pedestrian,70 to 74,Major,Brookhaven-Amesbury
18774,2023-09-30 08:00:00,EVANS AVE,NORTH CARSON ST,Etobicoke York,43.61299,-79.53876,Stop Sign,Clear,Daylight,Dry,Non-Fatal Injury,Turning Movement,Motorcycle Driver,30 to 34,Major,Alderwood
18775,2023-09-30 08:00:00,EVANS AVE,NORTH CARSON ST,Etobicoke York,43.61299,-79.53876,Stop Sign,Clear,Daylight,Dry,Non-Fatal Injury,Turning Movement,Driver,55 to 59,,Alderwood
18776,2023-09-30 08:00:00,EVANS AVE,NORTH CARSON ST,Etobicoke York,43.61299,-79.53876,Stop Sign,Clear,Daylight,Dry,Non-Fatal Injury,Turning Movement,Passenger,55 to 59,,Alderwood
18777,2023-10-01 08:00:00,YONGE ST,BISHOP AV,North York,43.783969,-79.416599,No Control,Clear,Daylight,Dry,Non-Fatal Injury,Rear End,Motorcycle Driver,35 to 39,Major,Newtonbrook West
18778,2023-10-01 08:00:00,YONGE ST,BISHOP AV,North York,43.783969,-79.416599,No Control,Clear,Daylight,Dry,Non-Fatal Injury,Rear End,Driver,50 to 54,,Newtonbrook West
18779,2023-10-03 08:00:00,PARK RD,CHURCH ST,Toronto and East York,43.671698,-79.385188,Traffic Signal,Clear,Daylight,Dry,Non-Fatal Injury,Cyclist Collisions,Truck Driver,40 to 44,,Rosedale-Moore Park
18780,2023-10-03 08:00:00,PARK RD,CHURCH ST,Toronto and East York,43.671698,-79.385188,Traffic Signal,Clear,Daylight,Dry,Non-Fatal Injury,Cyclist Collisions,Cyclist,25 to 29,Major,Rosedale-Moore Park
18781,2023-10-03 08:00:00,277 SHERBOURNE ST,DUNDAS ST W,Toronto and East York,43.660113,-79.371799,No Control,Clear,Daylight,Dry,Non-Fatal Injury,Pedestrian Collisions,Pedestrian,30 to 34,Major,Moss Park
18782,2023-10-04 08:00:00,ELLESMERE RD,MARKHAM RD,Scarborough,43.776438,-79.231723,Traffic Signal,Clear,Daylight,Dry,Non-Fatal Injury,Approaching,Driver,50 to 54,Minor,Golfdale-Cedarbrae-Woburn
18783,2023-10-04 08:00:00,ELLESMERE RD,MARKHAM RD,Scarborough,43.776438,-79.231723,Traffic Signal,Clear,Daylight,Dry,Non-Fatal Injury,Approaching,Driver,65 to 69,Minimal,Golfdale-Cedarbrae-Woburn
18784,2023-10-04 08:00:00,ELLESMERE RD,MARKHAM RD,Scarborough,43.776438,-79.231723,Traffic Signal,Clear,Daylight,Dry,Non-Fatal Injury,Approaching,Driver,35 to 39,Major,Golfdale-Cedarbrae-Woburn
18785,2023-10-04 08:00:00,ELLESMERE RD,MARKHAM RD,Scarborough,43.776438,-79.231723,Traffic Signal,Clear,Daylight,Dry,Non-Fatal Injury,Approaching,Passenger,50 to 54,Minimal,Golfdale-Cedarbrae-Woburn
18786,2023-10-06 08:00:00,BURNHAMTHORPE RD,THE WEST MALL,Etobicoke York,43.64448,-79.567203,Traffic Signal,,,,Fatal,Pedestrian Collisions,Pedestrian,25 to 29,Fatal,Etobicoke West Mall
18787,2023-10-06 08:00:00,BURNHAMTHORPE RD,THE WEST MALL,Etobicoke York,43.64448,-79.567203,Traffic Signal,,,,Fatal,Pedestrian Collisions,Driver,40 to 44,,Etobicoke West Mall
18788,2023-10-06 08:00:00,PHARMACY AV,DENTON AV,Scarborough,43.693949,-79.284045,Traffic Signal,Clear,Daylight,Dry,Non-Fatal Injury,Pedestrian Collisions,Driver,55 to 59,,Oakridge
18789,2023-10-06 08:00:00,PHARMACY AV,DENTON AV,Scarborough,43.693949,-79.284045,Traffic Signal,Clear,Daylight,Dry,Non-Fatal Injury,Pedestrian Collisions,Pedestrian,70 to 74,Major,Oakridge
18790,2023-10-06 08:00:00,BROWNS LINE,JELLICOE AVE,Etobicoke York,43.596335,-79.542819,No Control,Clear,Daylight,Dry,Fatal,Pedestrian Collisions,Pedestrian,20 to 24,Fatal,Alderwood
18791,2023-10-06 08:00:00,BROWNS LINE,JELLICOE AVE,Etobicoke York,43.596335,-79.542819,No Control,Clear,Daylight,Dry,Fatal,Pedestrian Collisions,Driver,35 to 39,,Alderwood
18792,2023-10-07 08:00:00,WARDEN AV,METROPOLITAN AV,Scarborough,43.766989,-79.302737,No Control,Clear,"Dark, artificial",Dry,Non-Fatal Injury,Pedestrian Collisions,Driver,40 to 44,,Wexford/Maryvale
18793,2023-10-07 08:00:00,WARDEN AV,METROPOLITAN AV,Scarborough,43.766989,-79.302737,No Control,Clear,"Dark, artificial",Dry,Non-Fatal Injury,Pedestrian Collisions,Pedestrian,55 to 59,Major,Wexford/Maryvale
18794,2023-10-07 08:00:00,F  GARDINER XY E,YORK ST,Toronto and East York,43.641818,-79.38042,No Control,Clear,"Daylight, artificial",Dry,Non-Fatal Injury,Sideswipe,Motorcycle Driver,25 to 29,Major,St Lawrence-East Bayfront-The Islands
18795,2023-10-07 08:00:00,F  GARDINER XY E,YORK ST,Toronto and East York,43.641818,-79.38042,No Control,Clear,"Daylight, artificial",Dry,Non-Fatal Injury,Sideswipe,Driver,25 to 29,,St Lawrence-East Bayfront-The Islands
18796,2023-10-08 08:00:00,CONLINS RD,CHALLENGER CRT,Scarborough,43.79151,-79.184634,No Control,Clear,"Dark, artificial",Dry,Non-Fatal Injury,SMV Unattended Vehicle,Driver,65 to 69,Major,Highland Creek
18797,2023-10-10 08:00:00,KENNEDY RD,BONIS AV,Scarborough,43.785762,-79.289424,,Rain,Dark,Wet,Non-Fatal Injury,Pedestrian Collisions,Driver,45 to 49,,Agincourt South-Malvern West
18798,2023-10-10 08:00:00,KENNEDY RD,BONIS AV,Scarborough,43.785762,-79.289424,,Rain,Dark,Wet,Non-Fatal Injury,Pedestrian Collisions,Pedestrian,45 to 49,Major,Agincourt South-Malvern West
18799,2023-10-11 08:00:00,JUDSON ST,ISLINGTON AV,,43.613715,-79.508396,Traffic Signal,Clear,Daylight,Dry,Non-Fatal Injury,Angle,Driver,25 to 29,Major,Mimico-Queensway
18800,2023-10-11 08:00:00,JUDSON ST,ISLINGTON AV,,43.613715,-79.508396,Traffic Signal,Clear,Daylight,Dry,Non-Fatal Injury,Angle,Driver,40 to 44,Minimal,Mimico-Queensway
18801,2023-10-11 08:00:00,DAVENPORT RD,DARTNELL AV,,43.676807,-79.412205,,Clear,"Dark, artificial",Dry,Non-Fatal Injury,Turning Movement,Motorcycle Driver,25 to 29,Major,Casa Loma
18802,2023-10-11 08:00:00,DAVENPORT RD,DARTNELL AV,,43.676807,-79.412205,,Clear,"Dark, artificial",Dry,Non-Fatal Injury,Turning Movement,Driver,35 to 39,,Casa Loma
18803,2023-10-12 08:00:00,STEELES AVE E,KELVIN GROVE AVE,Scarborough,43.822402,-79.312221,Traffic Signal,Clear,"Dark, artificial",Dry,Fatal,Pedestrian Collisions,Pedestrian,85 to 89,Fatal,Steeles
18804,2023-10-12 08:00:00,STEELES AVE E,KELVIN GROVE AVE,Scarborough,43.822402,-79.312221,Traffic Signal,Clear,"Dark, artificial",Dry,Fatal,Pedestrian Collisions,Driver,55 to 59,,Steeles
18805,2023-10-13 08:00:00,MCCOWAN RD,SANDHURST CRCL,Scarborough,43.804782,-79.26517,Traffic Signal,Clear,Daylight,Dry,Non-Fatal Injury,Rear End,Driver,75 to 79,Major,Agincourt North
18806,2023-10-13 08:00:00,MCCOWAN RD,SANDHURST CRCL,Scarborough,43.804782,-79.26517,Traffic Signal,Clear,Daylight,Dry,Non-Fatal Injury,Rear End,Driver,70 to 74,Minor,Agincourt North
18807,2023-10-13 08:00:00,MCCOWAN RD,SANDHURST CRCL,Scarborough,43.804782,-79.26517,Traffic Signal,Clear,Daylight,Dry,Non-Fatal Injury,Rear End,Truck Driver,70 to 74,Minor,Agincourt North
18808,2023-10-13 08:00:00,MCCOWAN RD,SANDHURST CRCL,Scarborough,43.804782,-79.26517,Traffic Signal,Clear,Daylight,Dry,Non-Fatal Injury,Rear End,Passenger,70 to 74,Minor,Agincourt North
18809,2023-10-14 08:00:00,ASHTONBEE RD,WARDEN AVE,Scarborough,43.730719,-79.28873,Traffic Signal,Clear,Daylight,Dry,Non-Fatal Injury,Turning Movement,Driver,20 to 24,,Wexford/Maryvale
18810,2023-10-14 08:00:00,ASHTONBEE RD,WARDEN AVE,Scarborough,43.730719,-79.28873,Traffic Signal,Clear,Daylight,Dry,Non-Fatal Injury,Turning Movement,Driver,55 to 59,,Wexford/Maryvale
18811,2023-10-14 08:00:00,ASHTONBEE RD,WARDEN AVE,Scarborough,43.730719,-79.28873,Traffic Signal,Clear,Daylight,Dry,Non-Fatal Injury,Turning Movement,Passenger,20 to 24,,Wexford/Maryvale
18812,2023-10-14 08:00:00,ASHTONBEE RD,WARDEN AVE,Scarborough,43.730719,-79.28873,Traffic Signal,Clear,Daylight,Dry,Non-Fatal Injury,Turning Movement,Passenger,20 to 24,Major,Wexford/Maryvale
18813,2023-10-14 08:00:00,EB FRED GARDINER EXPRESSWAY AND IS,ISLINGTON AVENUE,Toronto and East York,43.619399,-79.517749,No Control,Clear,Daylight,Dry,Non-Fatal Injury,Rear End,Driver,30 to 34,Major,Mimico-Queensway
18814,2023-10-14 08:00:00,EB FRED GARDINER EXPRESSWAY AND IS,ISLINGTON AVENUE,Toronto and East York,43.619399,-79.517749,No Control,Clear,Daylight,Dry,Non-Fatal Injury,Rear End,Driver,55 to 59,Minor,Mimico-Queensway
18815,2023-10-14 08:00:00,EB FRED GARDINER EXPRESSWAY AND IS,ISLINGTON AVENUE,Toronto and East York,43.619399,-79.517749,No Control,Clear,Daylight,Dry,Non-Fatal Injury,Rear End,Driver,40 to 44,Minor,Mimico-Queensway
18816,2023-10-14 08:00:00,EB FRED GARDINER EXPRESSWAY AND IS,ISLINGTON AVENUE,Toronto and East York,43.619399,-79.517749,No Control,Clear,Daylight,Dry,Non-Fatal Injury,Rear End,Passenger,30 to 34,Minor,Mimico-Queensway
18817,2023-10-14 08:00:00,EB FRED GARDINER EXPRESSWAY AND IS,ISLINGTON AVENUE,Toronto and East York,43.619399,-79.517749,No Control,Clear,Daylight,Dry,Non-Fatal Injury,Rear End,Passenger,0 to 4,Minimal,Mimico-Queensway
18818,2023-10-14 08:00:00,EB FRED GARDINER EXPRESSWAY AND IS,ISLINGTON AVENUE,Toronto and East York,43.619399,-79.517749,No Control,Clear,Daylight,Dry,Non-Fatal Injury,Rear End,Passenger,0 to 4,Minimal,Mimico-Queensway
18819,2023-10-16 08:00:00,DAVISVILLE AVE,MOUNT PLEASANT RD,Toronto and East York,43.700228,-79.386943,Traffic Signal,Clear,Daylight,Dry,Fatal,Pedestrian Collisions,Pedestrian,85 to 89,Fatal,Mount Pleasant East
18820,2023-10-16 08:00:00,DAVISVILLE AVE,MOUNT PLEASANT RD,Toronto and East York,43.700228,-79.386943,Traffic Signal,Clear,Daylight,Dry,Fatal,Pedestrian Collisions,Truck Driver,25 to 29,,Mount Pleasant East
18821,2023-10-18 08:00:00,MIDLAND AVE,KINGSTON RD,Scarborough,43.711127,-79.248157,Traffic Signal,Clear,"Dark, artificial",Dry,Non-Fatal Injury,Pedestrian Collisions,Driver,35 to 39,,Cliffcrest
18822,2023-10-18 08:00:00,MIDLAND AVE,KINGSTON RD,Scarborough,43.711127,-79.248157,Traffic Signal,Clear,"Dark, artificial",Dry,Non-Fatal Injury,Pedestrian Collisions,Pedestrian,20 to 24,Major,Cliffcrest
18823,2023-10-19 08:00:00,KING ST W,JAMESON AV,Toronto and East York,43.637183,-79.436008,Traffic Signal,Clear,Daylight,Dry,Non-Fatal Injury,Pedestrian Collisions,Driver,40 to 44,,South Parkdale
18824,2023-10-19 08:00:00,KING ST W,JAMESON AV,Toronto and East York,43.637183,-79.436008,Traffic Signal,Clear,Daylight,Dry,Non-Fatal Injury,Pedestrian Collisions,Pedestrian,60 to 64,Major,South Parkdale
18825,2023-10-20 08:00:00,EGLINTON AVE E,RUMSEY RD EY,,43.712581,-79.369625,Traffic Signal,Rain,Daylight,Wet,Non-Fatal Injury,Pedestrian Collisions,Driver,40 to 44,,Leaside-Bennington
18826,2023-10-20 08:00:00,EGLINTON AVE E,RUMSEY RD EY,,43.712581,-79.369625,Traffic Signal,Rain,Daylight,Wet,Non-Fatal Injury,Pedestrian Collisions,Pedestrian,45 to 49,Major,Leaside-Bennington
18827,2023-10-25 08:00:00,ISLINGTON AV,JUTLAND RD,Etobicoke York,43.628951,-79.516956,Traffic Signal,Clear,Daylight,Dry,Non-Fatal Injury,Pedestrian Collisions,Driver,50 to 54,,Stonegate-Queensway
18828,2023-10-25 08:00:00,ISLINGTON AV,JUTLAND RD,Etobicoke York,43.628951,-79.516956,Traffic Signal,Clear,Daylight,Dry,Non-Fatal Injury,Pedestrian Collisions,Pedestrian,70 to 74,Major,Stonegate-Queensway
18829,2023-10-27 08:00:00,WAYSIDE AVE,FINCH AVE E,Scarborough,43.800517,-79.299609,Traffic Signal,Clear,"Daylight, artificial",Dry,Non-Fatal Injury,Pedestrian Collisions,Driver,25 to 29,,East L'Amoreaux
18830,2023-10-27 08:00:00,WAYSIDE AVE,FINCH AVE E,Scarborough,43.800517,-79.299609,Traffic Signal,Clear,"Daylight, artificial",Dry,Non-Fatal Injury,Pedestrian Collisions,Pedestrian,20 to 24,Major,East L'Amoreaux
18831,2023-10-27 08:00:00,150 WYNFORD DR,,North York,43.727255,-79.327731,Traffic Signal,Rain,"Dark, artificial",Wet,Fatal,Pedestrian Collisions,Driver,25 to 29,,Banbury-Don Mills
18832,2023-10-27 08:00:00,150 WYNFORD DR,,North York,43.727255,-79.327731,Traffic Signal,Rain,"Dark, artificial",Wet,Fatal,Pedestrian Collisions,Pedestrian,70 to 74,Fatal,Banbury-Don Mills
18833,2023-10-28 08:00:00,SHEPPARD AV W,ARROW RD,North York,43.735697,-79.5293,Traffic Signal,Clear,Daylight,Dry,Non-Fatal Injury,Pedestrian Collisions,Driver,15 to 19,,Oakdale-Beverley Heights
18834,2023-10-28 08:00:00,SHEPPARD AV W,ARROW RD,North York,43.735697,-79.5293,Traffic Signal,Clear,Daylight,Dry,Non-Fatal Injury,Pedestrian Collisions,Passenger,35 to 39,Minimal,Oakdale-Beverley Heights
18835,2023-10-28 08:00:00,SHEPPARD AV W,ARROW RD,North York,43.735697,-79.5293,Traffic Signal,Clear,Daylight,Dry,Non-Fatal Injury,Pedestrian Collisions,Pedestrian,15 to 19,Major,Oakdale-Beverley Heights